[
{
    "model": "contenttypes.contenttype",
    "pk": 1,
    "fields": {
        "app_label": "admin",
        "model": "logentry"
    }
},
{
    "model": "contenttypes.contenttype",
    "pk": 2,
    "fields": {
        "app_label": "auth",
        "model": "permission"
    }
},
{
    "model": "contenttypes.contenttype",
    "pk": 3,
    "fields": {
        "app_label": "auth",
        "model": "group"
    }
},
{
    "model": "contenttypes.contenttype",
    "pk": 4,
    "fields": {
        "app_label": "contenttypes",
        "model": "contenttype"
    }
},
{
    "model": "contenttypes.contenttype",
    "pk": 5,
    "fields": {
        "app_label": "sessions",
        "model": "session"
    }
},
{
    "model": "contenttypes.contenttype",
    "pk": 6,
    "fields": {
        "app_label": "corunaApp",
        "model": "post"
    }
},
{
    "model": "contenttypes.contenttype",
    "pk": 7,
    "fields": {
        "app_label": "userApp",
        "model": "userprofile"
    }
},
{
    "model": "contenttypes.contenttype",
    "pk": 8,
    "fields": {
        "app_label": "orgApp",
        "model": "category"
    }
},
{
    "model": "contenttypes.contenttype",
    "pk": 9,
    "fields": {
        "app_label": "orgApp",
        "model": "city"
    }
},
{
    "model": "contenttypes.contenttype",
    "pk": 10,
    "fields": {
        "app_label": "orgApp",
        "model": "country"
    }
},
{
    "model": "contenttypes.contenttype",
    "pk": 11,
    "fields": {
        "app_label": "orgApp",
        "model": "district"
    }
},
{
    "model": "contenttypes.contenttype",
    "pk": 12,
    "fields": {
        "app_label": "orgApp",
        "model": "organisation"
    }
},
{
    "model": "contenttypes.contenttype",
    "pk": 13,
    "fields": {
        "app_label": "orgApp",
        "model": "orgdetail"
    }
},
{
    "model": "contenttypes.contenttype",
    "pk": 14,
    "fields": {
        "app_label": "orgApp",
        "model": "thana"
    }
},
{
    "model": "contenttypes.contenttype",
    "pk": 15,
    "fields": {
        "app_label": "orgApp",
        "model": "orgproject"
    }
},
{
    "model": "sessions.session",
    "pk": "0spv7va1oxlbncmoxmwzob9u5c5mv79s",
    "fields": {
        "session_data": "OTY4MmIxOTFjNzIxZWI2MTYzYzUxOGUwOTg2ZWE3Y2ZmMzA4ZjUzZTp7Il9hdXRoX3VzZXJfaWQiOiI4IiwiX2F1dGhfdXNlcl9iYWNrZW5kIjoiZGphbmdvLmNvbnRyaWIuYXV0aC5iYWNrZW5kcy5Nb2RlbEJhY2tlbmQiLCJfYXV0aF91c2VyX2hhc2giOiJjN2FkZGI4M2RhNjUyNDQ2MDI4YzBjMzFmN2FhOTY5OWYzMDIzMzhiIn0=",
        "expire_date": "2020-05-18T12:00:49.738Z"
    }
},
{
    "model": "sessions.session",
    "pk": "27q0sv4y2m0p675y7e5w0nona6stftfd",
    "fields": {
        "session_data": "OThjZjdlZmMxYzQzN2RhMTRmZWQyYTVhYTcyYmVlNjA4ZThhZTgxYTp7Il9hdXRoX3VzZXJfaWQiOiIxIiwiX2F1dGhfdXNlcl9iYWNrZW5kIjoiZGphbmdvLmNvbnRyaWIuYXV0aC5iYWNrZW5kcy5Nb2RlbEJhY2tlbmQiLCJfYXV0aF91c2VyX2hhc2giOiI5YzFjYmEwNDliMzYwYzAxZTEyMDk1MTUzMTk3NDljM2M5MTlkNDFjIn0=",
        "expire_date": "2020-05-14T00:09:34.654Z"
    }
},
{
    "model": "orgApp.country",
    "pk": 1,
    "fields": {
        "name": "\u09ac\u09be\u0982\u09b2\u09be\u09a6\u09c7\u09b6"
    }
},
{
    "model": "orgApp.city",
    "pk": 19,
    "fields": {
        "country": 1,
        "name": "\u09ac\u09b0\u09bf\u09b6\u09be\u09b2"
    }
},
{
    "model": "orgApp.city",
    "pk": 20,
    "fields": {
        "country": 1,
        "name": "\u09b8\u09bf\u09b2\u09c7\u099f"
    }
},
{
    "model": "orgApp.city",
    "pk": 21,
    "fields": {
        "country": 1,
        "name": "\u09ae\u09af\u09bc\u09ae\u09a8\u09b8\u09bf\u0982\u09b9"
    }
},
{
    "model": "orgApp.city",
    "pk": 22,
    "fields": {
        "country": 1,
        "name": "\u09a2\u09be\u0995\u09be"
    }
},
{
    "model": "orgApp.city",
    "pk": 23,
    "fields": {
        "country": 1,
        "name": "\u0996\u09c1\u09b2\u09a8\u09be"
    }
},
{
    "model": "orgApp.city",
    "pk": 24,
    "fields": {
        "country": 1,
        "name": "\u09b0\u0982\u09aa\u09c1\u09b0"
    }
},
{
    "model": "orgApp.city",
    "pk": 25,
    "fields": {
        "country": 1,
        "name": "\u099a\u099f\u09cd\u099f\u0997\u09cd\u09b0\u09be\u09ae"
    }
},
{
    "model": "orgApp.city",
    "pk": 26,
    "fields": {
        "country": 1,
        "name": "\u09b0\u09be\u099c\u09b6\u09be\u09b9\u09c0"
    }
},
{
    "model": "orgApp.district",
    "pk": 16,
    "fields": {
        "city": 22,
        "name": "\u09a2\u09be\u0995\u09be"
    }
},
{
    "model": "orgApp.district",
    "pk": 17,
    "fields": {
        "city": 22,
        "name": "\u09ab\u09b0\u09bf\u09a6\u09aa\u09c1\u09b0"
    }
},
{
    "model": "orgApp.district",
    "pk": 18,
    "fields": {
        "city": 22,
        "name": "\u0997\u09be\u099c\u09c0\u09aa\u09c1\u09b0"
    }
},
{
    "model": "orgApp.district",
    "pk": 19,
    "fields": {
        "city": 22,
        "name": "\u0997\u09cb\u09aa\u09be\u09b2\u0997\u099e\u09cd\u099c"
    }
},
{
    "model": "orgApp.district",
    "pk": 20,
    "fields": {
        "city": 22,
        "name": "\u0995\u09bf\u09b6\u09cb\u09b0\u0997\u099e\u09cd\u099c"
    }
},
{
    "model": "orgApp.district",
    "pk": 21,
    "fields": {
        "city": 22,
        "name": "\u09ae\u09be\u09a6\u09be\u09b0\u09bf\u09aa\u09c1\u09b0"
    }
},
{
    "model": "orgApp.district",
    "pk": 22,
    "fields": {
        "city": 22,
        "name": "\u09ae\u09be\u09a8\u09bf\u0995\u0997\u099e\u09cd\u099c"
    }
},
{
    "model": "orgApp.district",
    "pk": 23,
    "fields": {
        "city": 22,
        "name": "\u09ae\u09c1\u09a8\u09cd\u09b8\u09bf\u0997\u099e\u09cd\u099c"
    }
},
{
    "model": "orgApp.district",
    "pk": 24,
    "fields": {
        "city": 22,
        "name": "\u09a8\u09be\u09b0\u09be\u09af\u09bc\u09a8\u0997\u099e\u09cd\u099c "
    }
},
{
    "model": "orgApp.district",
    "pk": 25,
    "fields": {
        "city": 22,
        "name": "\u09a8\u09b0\u09b8\u09bf\u0982\u09a6\u09c0"
    }
},
{
    "model": "orgApp.district",
    "pk": 26,
    "fields": {
        "city": 22,
        "name": "\u09b0\u09be\u099c\u09ac\u09be\u09a1\u09bc\u09c0 "
    }
},
{
    "model": "orgApp.district",
    "pk": 27,
    "fields": {
        "city": 22,
        "name": "\u09b6\u09b0\u09bf\u09af\u09bc\u09a4\u09aa\u09c1\u09b0 "
    }
},
{
    "model": "orgApp.district",
    "pk": 28,
    "fields": {
        "city": 22,
        "name": "\u099f\u09be\u0999\u09cd\u0997\u09be\u0987\u09b2 "
    }
},
{
    "model": "orgApp.district",
    "pk": 29,
    "fields": {
        "city": 20,
        "name": "\u09b8\u09bf\u09b2\u09c7\u099f"
    }
},
{
    "model": "orgApp.district",
    "pk": 30,
    "fields": {
        "city": 20,
        "name": "\u09b9\u09ac\u09bf\u0997\u099e\u09cd\u099c"
    }
},
{
    "model": "orgApp.district",
    "pk": 31,
    "fields": {
        "city": 20,
        "name": "\u09ae\u09cc\u09b2\u09ad\u09bf\u09ac\u09be\u099c\u09be\u09b0"
    }
},
{
    "model": "orgApp.district",
    "pk": 32,
    "fields": {
        "city": 20,
        "name": "\u09b8\u09c1\u09a8\u09be\u09ae\u0997\u099e\u09cd\u099c"
    }
},
{
    "model": "orgApp.district",
    "pk": 33,
    "fields": {
        "city": 19,
        "name": "\u09ac\u09b0\u09bf\u09b6\u09be\u09b2"
    }
},
{
    "model": "orgApp.district",
    "pk": 34,
    "fields": {
        "city": 19,
        "name": "\u09aa\u099f\u09c1\u09df\u09be\u0996\u09be\u09b2\u09c0"
    }
},
{
    "model": "orgApp.district",
    "pk": 35,
    "fields": {
        "city": 19,
        "name": "\u09ad\u09cb\u09b2\u09be"
    }
},
{
    "model": "orgApp.district",
    "pk": 36,
    "fields": {
        "city": 19,
        "name": "\u09aa\u09bf\u09b0\u09cb\u099c\u09aa\u09c1\u09b0"
    }
},
{
    "model": "orgApp.district",
    "pk": 37,
    "fields": {
        "city": 19,
        "name": "\u09ac\u09b0\u0997\u09c1\u09a8\u09be"
    }
},
{
    "model": "orgApp.district",
    "pk": 38,
    "fields": {
        "city": 19,
        "name": "\u099d\u09be\u09b2\u0995\u09be\u09a0\u09c0"
    }
},
{
    "model": "orgApp.district",
    "pk": 39,
    "fields": {
        "city": 21,
        "name": "\u09ae\u09df\u09ae\u09a8\u09b8\u09bf\u0982\u09b9"
    }
},
{
    "model": "orgApp.district",
    "pk": 40,
    "fields": {
        "city": 21,
        "name": "\u099c\u09be\u09ae\u09be\u09b2\u09aa\u09c1\u09b0"
    }
},
{
    "model": "orgApp.district",
    "pk": 41,
    "fields": {
        "city": 21,
        "name": "\u09a8\u09c7\u09a4\u09cd\u09b0\u0995\u09cb\u09a3\u09be"
    }
},
{
    "model": "orgApp.district",
    "pk": 42,
    "fields": {
        "city": 21,
        "name": "\u09b6\u09c7\u09b0\u09aa\u09c1\u09b0"
    }
},
{
    "model": "orgApp.district",
    "pk": 43,
    "fields": {
        "city": 25,
        "name": "\u099a\u099f\u09cd\u099f\u0997\u09cd\u09b0\u09be\u09ae"
    }
},
{
    "model": "orgApp.district",
    "pk": 44,
    "fields": {
        "city": 25,
        "name": "\u0995\u09c1\u09ae\u09bf\u09b2\u09cd\u09b2\u09be"
    }
},
{
    "model": "orgApp.district",
    "pk": 45,
    "fields": {
        "city": 25,
        "name": "\u0995\u0995\u09cd\u09b8\u09ac\u09be\u099c\u09be\u09b0"
    }
},
{
    "model": "orgApp.district",
    "pk": 46,
    "fields": {
        "city": 25,
        "name": "\u09a8\u09cb\u09af\u09bc\u09be\u0996\u09be\u09b2\u09c0"
    }
},
{
    "model": "orgApp.district",
    "pk": 47,
    "fields": {
        "city": 25,
        "name": "\u09ac\u09cd\u09b0\u09be\u09b9\u09cd\u09ae\u09a3\u09ac\u09be\u09a1\u09bc\u09bf\u09af\u09bc\u09be"
    }
},
{
    "model": "orgApp.district",
    "pk": 48,
    "fields": {
        "city": 25,
        "name": "\u099a\u09be\u0981\u09a6\u09aa\u09c1\u09b0"
    }
},
{
    "model": "orgApp.district",
    "pk": 49,
    "fields": {
        "city": 25,
        "name": "\u09b2\u0995\u09cd\u09b7\u09cd\u09ae\u09c0\u09aa\u09c1\u09b0"
    }
},
{
    "model": "orgApp.district",
    "pk": 50,
    "fields": {
        "city": 25,
        "name": "\u09ab\u09c7\u09a8\u09c0"
    }
},
{
    "model": "orgApp.district",
    "pk": 51,
    "fields": {
        "city": 25,
        "name": "\u0996\u09be\u0997\u09a1\u09bc\u09be\u099b\u09a1\u09bc\u09bf"
    }
},
{
    "model": "orgApp.district",
    "pk": 52,
    "fields": {
        "city": 25,
        "name": "\u09b0\u09be\u0999\u09cd\u0997\u09be\u09ae\u09be\u099f\u09bf"
    }
},
{
    "model": "orgApp.district",
    "pk": 53,
    "fields": {
        "city": 25,
        "name": "\u09ac\u09be\u09a8\u09cd\u09a6\u09b0\u09ac\u09be\u09a8"
    }
},
{
    "model": "orgApp.district",
    "pk": 54,
    "fields": {
        "city": 24,
        "name": "\u09a6\u09bf\u09a8\u09be\u099c\u09aa\u09c1\u09b0"
    }
},
{
    "model": "orgApp.district",
    "pk": 55,
    "fields": {
        "city": 24,
        "name": "\u09a8\u09c0\u09b2\u09ab\u09be\u09ae\u09be\u09b0\u09c0 "
    }
},
{
    "model": "orgApp.district",
    "pk": 56,
    "fields": {
        "city": 24,
        "name": "\u0997\u09be\u0987\u09ac\u09be\u09a8\u09cd\u09a7\u09be "
    }
},
{
    "model": "orgApp.district",
    "pk": 57,
    "fields": {
        "city": 24,
        "name": "\u09b2\u09be\u09b2\u09ae\u09a8\u09bf\u09b0\u09b9\u09be\u099f"
    }
},
{
    "model": "orgApp.district",
    "pk": 58,
    "fields": {
        "city": 24,
        "name": "\u09a0\u09be\u0995\u09c1\u09b0\u0997\u09be\u0993"
    }
},
{
    "model": "orgApp.district",
    "pk": 59,
    "fields": {
        "city": 24,
        "name": " \u0995\u09c1\u09dc\u09bf\u0997\u09cd\u09b0\u09be\u09ae"
    }
},
{
    "model": "orgApp.district",
    "pk": 60,
    "fields": {
        "city": 24,
        "name": "\u09aa\u099e\u09cd\u099a\u0997\u09dc"
    }
},
{
    "model": "orgApp.district",
    "pk": 61,
    "fields": {
        "city": 24,
        "name": " \u09b0\u0982\u09aa\u09c1\u09b0"
    }
},
{
    "model": "orgApp.district",
    "pk": 62,
    "fields": {
        "city": 23,
        "name": "\u0995\u09c1\u09b7\u09cd\u099f\u09bf\u09af\u09bc\u09be "
    }
},
{
    "model": "orgApp.district",
    "pk": 63,
    "fields": {
        "city": 23,
        "name": "\u0996\u09c1\u09b2\u09a8\u09be "
    }
},
{
    "model": "orgApp.district",
    "pk": 64,
    "fields": {
        "city": 23,
        "name": "\u099a\u09c1\u09af\u09bc\u09be\u09a1\u09be\u0999\u09cd\u0997\u09be "
    }
},
{
    "model": "orgApp.district",
    "pk": 65,
    "fields": {
        "city": 23,
        "name": "\u099d\u09bf\u09a8\u09be\u0987\u09a6\u09b9 "
    }
},
{
    "model": "orgApp.district",
    "pk": 66,
    "fields": {
        "city": 23,
        "name": "\u09a8\u09a1\u09bc\u09be\u0987\u09b2 "
    }
},
{
    "model": "orgApp.district",
    "pk": 67,
    "fields": {
        "city": 23,
        "name": "\u09ac\u09be\u0997\u09c7\u09b0\u09b9\u09be\u099f "
    }
},
{
    "model": "orgApp.district",
    "pk": 68,
    "fields": {
        "city": 23,
        "name": "\u09ae\u09be\u0997\u09c1\u09b0\u09be "
    }
},
{
    "model": "orgApp.district",
    "pk": 69,
    "fields": {
        "city": 23,
        "name": "\u09ae\u09c7\u09b9\u09c7\u09b0\u09aa\u09c1\u09b0 "
    }
},
{
    "model": "orgApp.district",
    "pk": 70,
    "fields": {
        "city": 23,
        "name": "\u09af\u09b6\u09cb\u09b0 "
    }
},
{
    "model": "orgApp.district",
    "pk": 71,
    "fields": {
        "city": 23,
        "name": "\u09b8\u09be\u09a4\u0995\u09cd\u09b7\u09c0\u09b0\u09be "
    }
},
{
    "model": "orgApp.district",
    "pk": 72,
    "fields": {
        "city": 26,
        "name": "\u09b0\u09be\u099c\u09b6\u09be\u09b9\u09c0"
    }
},
{
    "model": "orgApp.district",
    "pk": 73,
    "fields": {
        "city": 26,
        "name": "\u09a8\u09be\u099f\u09cb\u09b0"
    }
},
{
    "model": "orgApp.district",
    "pk": 74,
    "fields": {
        "city": 26,
        "name": "\u09a8\u0993\u0997\u09be\u0981"
    }
},
{
    "model": "orgApp.district",
    "pk": 75,
    "fields": {
        "city": 26,
        "name": "\u099a\u09be\u0981\u09aa\u09be\u0987\u09a8\u09ac\u09be\u09ac\u0997\u099e\u09cd\u099c"
    }
},
{
    "model": "orgApp.district",
    "pk": 76,
    "fields": {
        "city": 26,
        "name": "\u09ac\u0997\u09c1\u09a1\u09bc\u09be"
    }
},
{
    "model": "orgApp.district",
    "pk": 77,
    "fields": {
        "city": 26,
        "name": "\u099c\u09af\u09bc\u09aa\u09c1\u09b0\u09b9\u09be\u099f"
    }
},
{
    "model": "orgApp.district",
    "pk": 78,
    "fields": {
        "city": 26,
        "name": "\u09aa\u09be\u09ac\u09a8\u09be"
    }
},
{
    "model": "orgApp.district",
    "pk": 79,
    "fields": {
        "city": 26,
        "name": "\u09b8\u09bf\u09b0\u09be\u099c\u0997\u099e\u09cd\u099c"
    }
},
{
    "model": "orgApp.thana",
    "pk": 3,
    "fields": {
        "district": 16,
        "name": "\u0986\u09a6\u09be\u09ac\u09b0"
    }
},
{
    "model": "orgApp.thana",
    "pk": 4,
    "fields": {
        "district": 16,
        "name": "\u098f\u09df\u09be\u09b0\u09aa\u09cb\u09b0\u09cd\u099f"
    }
},
{
    "model": "orgApp.thana",
    "pk": 5,
    "fields": {
        "district": 16,
        "name": "\u09ac\u09be\u09a1\u09cd\u09a1\u09be"
    }
},
{
    "model": "orgApp.thana",
    "pk": 6,
    "fields": {
        "district": 16,
        "name": "\u09ac\u09a8\u09be\u09a8\u09bf"
    }
},
{
    "model": "orgApp.thana",
    "pk": 7,
    "fields": {
        "district": 16,
        "name": "\u09ac\u0982\u09b6\u09be\u09b2"
    }
},
{
    "model": "orgApp.thana",
    "pk": 8,
    "fields": {
        "district": 16,
        "name": "\u09ad\u09be\u09b6\u09be\u09a8\u099f\u09c7\u0995"
    }
},
{
    "model": "orgApp.thana",
    "pk": 9,
    "fields": {
        "district": 16,
        "name": "\u0995\u09cd\u09af\u09be\u09a8\u099f\u09a8\u09ae\u09c7\u09a8\u099f"
    }
},
{
    "model": "orgApp.thana",
    "pk": 10,
    "fields": {
        "district": 16,
        "name": "\u099a\u0995\u09ac\u09be\u099c\u09be\u09b0"
    }
},
{
    "model": "orgApp.thana",
    "pk": 11,
    "fields": {
        "district": 16,
        "name": "\u09a6\u09be\u09b0\u09c1\u09b8\u09b8\u09be\u09b2\u09be\u09ae"
    }
},
{
    "model": "orgApp.thana",
    "pk": 12,
    "fields": {
        "district": 16,
        "name": "\u09a6\u0995\u09cd\u09b7\u09bf\u09a3\u0996\u09be\u09a8"
    }
},
{
    "model": "orgApp.thana",
    "pk": 13,
    "fields": {
        "district": 16,
        "name": "\u09a1\u09c7\u09ae\u09b0\u09be"
    }
},
{
    "model": "orgApp.thana",
    "pk": 14,
    "fields": {
        "district": 16,
        "name": "\u09a7\u09be\u09ae\u09b0\u09be\u0987"
    }
},
{
    "model": "orgApp.thana",
    "pk": 15,
    "fields": {
        "district": 16,
        "name": "\u09a7\u09be\u09a8\u09ae\u09a3\u09cd\u09a1\u09bf"
    }
},
{
    "model": "orgApp.thana",
    "pk": 16,
    "fields": {
        "district": 16,
        "name": "\u09a6\u09cb\u09b9\u09be\u09b0"
    }
},
{
    "model": "orgApp.thana",
    "pk": 17,
    "fields": {
        "district": 16,
        "name": "\u0997\u09c7\u09a3\u09cd\u09a1\u09be\u09b0\u09bf\u09df\u09be"
    }
},
{
    "model": "orgApp.thana",
    "pk": 18,
    "fields": {
        "district": 16,
        "name": "\u0997\u09c1\u09b2\u09b6\u09be\u09a8"
    }
},
{
    "model": "orgApp.thana",
    "pk": 19,
    "fields": {
        "district": 16,
        "name": "\u09b9\u09be\u099c\u09be\u09b0\u09bf\u09ac\u09be\u0997"
    }
},
{
    "model": "orgApp.thana",
    "pk": 20,
    "fields": {
        "district": 16,
        "name": "\u09af\u09be\u09a4\u09cd\u09b0\u09be\u09ac\u09be\u09dc\u09bf"
    }
},
{
    "model": "orgApp.thana",
    "pk": 21,
    "fields": {
        "district": 16,
        "name": "\u0995\u09be\u09ab\u09b0\u09c1\u09b2"
    }
},
{
    "model": "orgApp.thana",
    "pk": 22,
    "fields": {
        "district": 16,
        "name": "\u0995\u09b2\u09be\u09ac\u09be\u0997\u09be\u09a8"
    }
},
{
    "model": "orgApp.thana",
    "pk": 23,
    "fields": {
        "district": 16,
        "name": "\u0995\u09be\u09ae\u09cd\u09b0\u09be\u0999\u09cd\u0997\u09bf\u09b0 \u099a\u09b0"
    }
},
{
    "model": "orgApp.thana",
    "pk": 24,
    "fields": {
        "district": 16,
        "name": "\u0995\u09c7\u09b0\u09be\u09a8\u09bf\u0997\u099e\u09cd\u099c"
    }
},
{
    "model": "orgApp.thana",
    "pk": 25,
    "fields": {
        "district": 16,
        "name": "\u0996\u09bf\u09b2\u0997\u09be\u0981\u0993"
    }
},
{
    "model": "orgApp.thana",
    "pk": 26,
    "fields": {
        "district": 16,
        "name": "\u0996\u09bf\u09b2\u0996\u09c7\u09a4"
    }
},
{
    "model": "orgApp.thana",
    "pk": 27,
    "fields": {
        "district": 16,
        "name": "\u0995\u09cb\u09a4\u0993\u09df\u09be\u09b2\u09bf"
    }
},
{
    "model": "orgApp.thana",
    "pk": 28,
    "fields": {
        "district": 16,
        "name": "\u09b2\u09be\u09b2\u09ac\u09be\u0997"
    }
},
{
    "model": "orgApp.thana",
    "pk": 29,
    "fields": {
        "district": 16,
        "name": "\u09ae\u09bf\u09b0\u09aa\u09c1\u09b0 \u09ae\u09a1\u09c7\u09b2"
    }
},
{
    "model": "orgApp.thana",
    "pk": 30,
    "fields": {
        "district": 16,
        "name": "\u09ae\u09cb\u09b9\u09be\u09ae\u09cd\u09ae\u09be\u09a6\u09aa\u09c1\u09b0"
    }
},
{
    "model": "orgApp.thana",
    "pk": 31,
    "fields": {
        "district": 16,
        "name": "\u09ae\u09a4\u09bf\u099d\u09bf\u09b2"
    }
},
{
    "model": "orgApp.thana",
    "pk": 32,
    "fields": {
        "district": 16,
        "name": "\u09ae\u09c1\u0997\u09a6\u09be"
    }
},
{
    "model": "orgApp.thana",
    "pk": 33,
    "fields": {
        "district": 16,
        "name": "\u09a8\u09be\u0993\u09be\u09ac\u0997\u099e\u09cd\u099c"
    }
},
{
    "model": "orgApp.thana",
    "pk": 34,
    "fields": {
        "district": 16,
        "name": "\u09a8\u09bf\u0989 \u09ae\u09be\u09b0\u09cd\u0995\u09c7\u099f"
    }
},
{
    "model": "orgApp.thana",
    "pk": 35,
    "fields": {
        "district": 16,
        "name": "\u09aa\u09b2\u09cd\u09b2\u09ac\u09bf"
    }
},
{
    "model": "orgApp.thana",
    "pk": 36,
    "fields": {
        "district": 16,
        "name": "\u09aa\u09b2\u09cd\u099f\u09a8"
    }
},
{
    "model": "orgApp.thana",
    "pk": 37,
    "fields": {
        "district": 16,
        "name": "\u09b0\u09ae\u09a8\u09be"
    }
},
{
    "model": "orgApp.thana",
    "pk": 38,
    "fields": {
        "district": 16,
        "name": "\u09b0\u09be\u09ae\u09aa\u09c1\u09b0\u09be"
    }
},
{
    "model": "orgApp.thana",
    "pk": 39,
    "fields": {
        "district": 16,
        "name": "\u09b0\u09c2\u09aa\u09a8\u0997\u09b0"
    }
},
{
    "model": "orgApp.thana",
    "pk": 40,
    "fields": {
        "district": 16,
        "name": "\u09b8\u09ac\u09c1\u099c\u09ac\u09be\u0997"
    }
},
{
    "model": "orgApp.thana",
    "pk": 41,
    "fields": {
        "district": 16,
        "name": "\u09b8\u09be\u09ad\u09be\u09b0"
    }
},
{
    "model": "orgApp.thana",
    "pk": 42,
    "fields": {
        "district": 16,
        "name": "\u09b6\u09be\u09b9\u09cd \u0986\u09b2\u09bf"
    }
},
{
    "model": "orgApp.thana",
    "pk": 43,
    "fields": {
        "district": 16,
        "name": "\u09b6\u09be\u09b9\u09ac\u09be\u0997"
    }
},
{
    "model": "orgApp.thana",
    "pk": 44,
    "fields": {
        "district": 16,
        "name": "\u09b6\u09be\u09b9\u099c\u09be\u09b9\u09be\u09a8\u09aa\u09c1\u09b0"
    }
},
{
    "model": "orgApp.thana",
    "pk": 45,
    "fields": {
        "district": 16,
        "name": "\u09b6\u09c7\u09b0\u09c7\u09ac\u09be\u0982\u09b2\u09be\u09a8\u0997\u09b0"
    }
},
{
    "model": "orgApp.thana",
    "pk": 46,
    "fields": {
        "district": 16,
        "name": "\u09b6\u09cd\u09af\u09be\u09ae\u09aa\u09c1\u09b0"
    }
},
{
    "model": "orgApp.thana",
    "pk": 47,
    "fields": {
        "district": 16,
        "name": "\u09b8\u09c1\u09a4\u09cd\u09b0\u09be\u09aa\u09c1\u09b0"
    }
},
{
    "model": "orgApp.thana",
    "pk": 48,
    "fields": {
        "district": 16,
        "name": "\u09a4\u09c7\u099c\u0997\u09be\u0981"
    }
},
{
    "model": "orgApp.thana",
    "pk": 49,
    "fields": {
        "district": 16,
        "name": "\u09a4\u09c7\u099c\u0997\u09be\u0981"
    }
},
{
    "model": "orgApp.thana",
    "pk": 50,
    "fields": {
        "district": 16,
        "name": "\u09a4\u09c1\u09b0\u09be\u0997"
    }
},
{
    "model": "orgApp.thana",
    "pk": 51,
    "fields": {
        "district": 16,
        "name": "\u0989\u09a4\u09cd\u09a4\u09b0\u09be"
    }
},
{
    "model": "orgApp.thana",
    "pk": 52,
    "fields": {
        "district": 16,
        "name": "\u0989\u09a4\u09cd\u09a4\u09b0\u09be \u09aa\u09b6\u09cd\u099a\u09bf\u09ae"
    }
},
{
    "model": "orgApp.thana",
    "pk": 53,
    "fields": {
        "district": 16,
        "name": "\u0989\u09a4\u09cd\u09a4\u09b0 \u0996\u09be\u09a8"
    }
},
{
    "model": "orgApp.thana",
    "pk": 54,
    "fields": {
        "district": 16,
        "name": "\u09ad\u09be\u09a4\u09be\u09b0\u09be"
    }
},
{
    "model": "orgApp.thana",
    "pk": 55,
    "fields": {
        "district": 16,
        "name": "\u0993\u09df\u09be\u09b0\u09c0"
    }
},
{
    "model": "orgApp.thana",
    "pk": 56,
    "fields": {
        "district": 17,
        "name": "\u09ab\u09b0\u09bf\u09a6\u09aa\u09c1\u09b0 \u09b8\u09a6\u09b0"
    }
},
{
    "model": "orgApp.thana",
    "pk": 57,
    "fields": {
        "district": 17,
        "name": "\u09ac\u09cb\u09df\u09be\u09b2\u09ae\u09be\u09b0\u09c0"
    }
},
{
    "model": "orgApp.thana",
    "pk": 58,
    "fields": {
        "district": 17,
        "name": "\u0986\u09b2\u09ab\u09be\u09a1\u09be\u0999\u09cd\u0997\u09be"
    }
},
{
    "model": "orgApp.thana",
    "pk": 59,
    "fields": {
        "district": 17,
        "name": "\u09ae\u09a7\u09c1\u0996\u09be\u09b2\u09bf"
    }
},
{
    "model": "orgApp.thana",
    "pk": 60,
    "fields": {
        "district": 17,
        "name": "\u09ad\u09be\u0999\u09cd\u0997\u09be"
    }
},
{
    "model": "orgApp.thana",
    "pk": 61,
    "fields": {
        "district": 17,
        "name": "\u09a8\u0997\u09b0\u0995\u09be\u09a8\u09cd\u09a1"
    }
},
{
    "model": "orgApp.thana",
    "pk": 62,
    "fields": {
        "district": 17,
        "name": "\u099a\u09b0\u09ad\u09a6\u09cd\u09b0\u09be\u09b8\u09a8"
    }
},
{
    "model": "orgApp.thana",
    "pk": 63,
    "fields": {
        "district": 17,
        "name": "\u09b8\u09a6\u09b0\u09aa\u09c1\u09b0"
    }
},
{
    "model": "orgApp.thana",
    "pk": 64,
    "fields": {
        "district": 17,
        "name": "\u09b6\u09be\u09b2\u09a5\u09be"
    }
},
{
    "model": "orgApp.thana",
    "pk": 65,
    "fields": {
        "district": 18,
        "name": "\u0997\u09be\u099c\u09c0\u09aa\u09c1\u09b0 \u09b8\u09a6\u09b0"
    }
},
{
    "model": "orgApp.thana",
    "pk": 66,
    "fields": {
        "district": 18,
        "name": "\u0995\u09be\u09b2\u09bf\u09df\u09be\u0995\u09c8\u09b0"
    }
},
{
    "model": "orgApp.thana",
    "pk": 67,
    "fields": {
        "district": 18,
        "name": "\u0995\u09be\u09aa\u09be\u09b8\u09bf\u09df\u09be"
    }
},
{
    "model": "orgApp.thana",
    "pk": 68,
    "fields": {
        "district": 18,
        "name": "\u09b6\u09cd\u09b0\u09c0\u09aa\u09c1\u09b0"
    }
},
{
    "model": "orgApp.thana",
    "pk": 69,
    "fields": {
        "district": 18,
        "name": "\u0995\u09be\u09b2\u09c0\u0997\u099e\u09cd\u099c"
    }
},
{
    "model": "orgApp.thana",
    "pk": 70,
    "fields": {
        "district": 18,
        "name": "\u099f\u0999\u09cd\u0997\u09bf"
    }
},
{
    "model": "orgApp.thana",
    "pk": 71,
    "fields": {
        "district": 19,
        "name": "\u0997\u09cb\u09aa\u09be\u09b2\u0997\u099e\u09cd\u099c \u09b8\u09a6\u09b0"
    }
},
{
    "model": "orgApp.thana",
    "pk": 72,
    "fields": {
        "district": 19,
        "name": "\u0995\u09be\u09b6\u09bf\u09df\u09be\u09a8\u09bf"
    }
},
{
    "model": "orgApp.thana",
    "pk": 73,
    "fields": {
        "district": 19,
        "name": "\u0995\u09cb\u099f\u09be\u09b2\u09bf\u09aa\u09be\u09dc\u09be"
    }
},
{
    "model": "orgApp.thana",
    "pk": 74,
    "fields": {
        "district": 19,
        "name": "\u09ae\u09c1\u0995\u09b8\u09c1\u09a6\u09aa\u09c1\u09b0"
    }
},
{
    "model": "orgApp.thana",
    "pk": 75,
    "fields": {
        "district": 19,
        "name": "\u099f\u09c1\u0999\u09cd\u0997\u09bf\u09aa\u09be\u09dc\u09be"
    }
},
{
    "model": "orgApp.thana",
    "pk": 76,
    "fields": {
        "district": 20,
        "name": "\u0985\u09b7\u09cd\u099f\u0997\u09cd\u09b0\u09be\u09ae"
    }
},
{
    "model": "orgApp.thana",
    "pk": 77,
    "fields": {
        "district": 20,
        "name": "\u09ac\u09be\u099c\u09bf\u09a4\u09aa\u09c1\u09b0"
    }
},
{
    "model": "orgApp.thana",
    "pk": 78,
    "fields": {
        "district": 20,
        "name": "\u09ad\u09c8\u09b0\u09ac"
    }
},
{
    "model": "orgApp.thana",
    "pk": 79,
    "fields": {
        "district": 20,
        "name": "\u09b9\u09cb\u09b8\u09c7\u09a8\u09aa\u09c1\u09b0"
    }
},
{
    "model": "orgApp.thana",
    "pk": 80,
    "fields": {
        "district": 20,
        "name": "\u0987\u099f\u09a8\u09be"
    }
},
{
    "model": "orgApp.thana",
    "pk": 81,
    "fields": {
        "district": 20,
        "name": "\u0995\u09b0\u09bf\u09ae\u0997\u099e\u09cd\u099c"
    }
},
{
    "model": "orgApp.thana",
    "pk": 82,
    "fields": {
        "district": 20,
        "name": "\u0995\u09a4\u09bf\u09df\u09be\u09a6\u09bf"
    }
},
{
    "model": "orgApp.thana",
    "pk": 83,
    "fields": {
        "district": 20,
        "name": "\u0995\u09bf\u09b6\u09cb\u09b0\u0997\u099e\u09cd\u099c \u09b8\u09a6\u09b0"
    }
},
{
    "model": "orgApp.thana",
    "pk": 84,
    "fields": {
        "district": 20,
        "name": "\u0995\u09c1\u09b2\u09bf\u09df\u09be\u09b0\u099a\u09b0"
    }
},
{
    "model": "orgApp.thana",
    "pk": 85,
    "fields": {
        "district": 20,
        "name": "\u09ae\u09bf\u09a0\u09be\u09ae\u09be\u0987\u09a8"
    }
},
{
    "model": "orgApp.thana",
    "pk": 86,
    "fields": {
        "district": 20,
        "name": "\u09a8\u09bf\u0995\u09b2\u09bf"
    }
},
{
    "model": "orgApp.thana",
    "pk": 87,
    "fields": {
        "district": 20,
        "name": "\u09aa\u09be\u0995\u09c1\u09a8\u09cd\u09a1\u09be"
    }
},
{
    "model": "orgApp.thana",
    "pk": 88,
    "fields": {
        "district": 20,
        "name": "\u09a4\u09be\u09dc\u09be\u0987\u09b2"
    }
},
{
    "model": "orgApp.thana",
    "pk": 89,
    "fields": {
        "district": 21,
        "name": "\u09ae\u09be\u09a6\u09be\u09b0\u09c0\u09aa\u09c1\u09b0 \u09b8\u09a6\u09b0"
    }
},
{
    "model": "orgApp.thana",
    "pk": 90,
    "fields": {
        "district": 21,
        "name": "\u0995\u09be\u09b2\u0995\u09bf\u09a8\u09bf"
    }
},
{
    "model": "orgApp.thana",
    "pk": 91,
    "fields": {
        "district": 21,
        "name": "\u09b0\u09be\u099c\u0987\u09b0"
    }
},
{
    "model": "orgApp.thana",
    "pk": 92,
    "fields": {
        "district": 21,
        "name": "\u09b6\u09bf\u09ac\u099a\u09b0"
    }
},
{
    "model": "orgApp.thana",
    "pk": 93,
    "fields": {
        "district": 22,
        "name": "\u09ae\u09be\u09a8\u09bf\u0995\u0997\u099e\u09cd\u099c \u09b8\u09a6\u09b0"
    }
},
{
    "model": "orgApp.thana",
    "pk": 94,
    "fields": {
        "district": 22,
        "name": "\u09b8\u09bf\u0999\u09cd\u0997\u09be\u0987\u09b0"
    }
},
{
    "model": "orgApp.thana",
    "pk": 95,
    "fields": {
        "district": 22,
        "name": "\u09b6\u09bf\u09ac\u09be\u09b2\u09df"
    }
},
{
    "model": "orgApp.thana",
    "pk": 96,
    "fields": {
        "district": 22,
        "name": "\u09b8\u09be\u09a0\u09c1\u09b0\u09bf\u09df\u09be"
    }
},
{
    "model": "orgApp.thana",
    "pk": 97,
    "fields": {
        "district": 22,
        "name": "\u09b9\u09b0\u09bf\u09b0\u09be\u09ae\u09aa\u09c1\u09b0"
    }
},
{
    "model": "orgApp.thana",
    "pk": 98,
    "fields": {
        "district": 22,
        "name": "\u0998\u09bf\u0993\u09b0"
    }
},
{
    "model": "orgApp.thana",
    "pk": 99,
    "fields": {
        "district": 22,
        "name": "\u09a6\u09cc\u09b2\u09a4\u09aa\u09c1\u09b0"
    }
},
{
    "model": "orgApp.thana",
    "pk": 100,
    "fields": {
        "district": 23,
        "name": "\u09b2\u09cb\u09b9\u09be\u099c\u0982"
    }
},
{
    "model": "orgApp.thana",
    "pk": 101,
    "fields": {
        "district": 23,
        "name": "\u09b6\u09cd\u09b0\u09c0\u09a8\u0997\u09b0"
    }
},
{
    "model": "orgApp.thana",
    "pk": 102,
    "fields": {
        "district": 23,
        "name": "\u09ae\u09c1\u09a8\u09cd\u09b8\u09bf\u0997\u099e\u09cd\u099c \u09b8\u09a6\u09b0"
    }
},
{
    "model": "orgApp.thana",
    "pk": 103,
    "fields": {
        "district": 23,
        "name": "\u09b8\u09bf\u09b0\u09be\u099c\u09a6\u09bf\u0996\u09be\u09a8"
    }
},
{
    "model": "orgApp.thana",
    "pk": 104,
    "fields": {
        "district": 23,
        "name": "\u099f\u0999\u09cd\u0997\u09bf\u09ac\u09be\u09dc\u09bf"
    }
},
{
    "model": "orgApp.thana",
    "pk": 105,
    "fields": {
        "district": 23,
        "name": "\u0997\u099c\u09be\u09b0\u09bf\u09df\u09be"
    }
},
{
    "model": "orgApp.thana",
    "pk": 106,
    "fields": {
        "district": 24,
        "name": "\u0986\u09dc\u09be\u0987\u09b9\u09be\u099c\u09be\u09b0"
    }
},
{
    "model": "orgApp.thana",
    "pk": 107,
    "fields": {
        "district": 24,
        "name": "\u09b8\u09cb\u09a8\u09be\u09b0\u0997\u09be\u0981\u0993"
    }
},
{
    "model": "orgApp.thana",
    "pk": 108,
    "fields": {
        "district": 32,
        "name": "\u09a6\u09cb\u09df\u09be\u09b0\u09be \u09ac\u09be\u099c\u09be\u09b0"
    }
},
{
    "model": "orgApp.category",
    "pk": 1,
    "fields": {
        "created_date": "2020-05-01T19:31:34.130Z",
        "updated_date": "2020-05-01T19:31:34.130Z",
        "title": "\u09b8\u09be\u09ae\u09be\u099c\u09bf\u0995"
    }
},
{
    "model": "orgApp.orgdetail",
    "pk": 9,
    "fields": {
        "organisation": 1,
        "image": "",
        "logo": "",
        "description": "",
        "facebook_url": "https://web.facebook.com/",
        "twitter_url": null,
        "youtube_url": null,
        "website_url": null,
        "created_date": "2020-04-29T20:40:58.401Z",
        "updated_date": "2020-04-29T20:40:58.401Z"
    }
},
{
    "model": "auth.permission",
    "pk": 1,
    "fields": {
        "name": "Can add log entry",
        "content_type": 1,
        "codename": "add_logentry"
    }
},
{
    "model": "auth.permission",
    "pk": 2,
    "fields": {
        "name": "Can change log entry",
        "content_type": 1,
        "codename": "change_logentry"
    }
},
{
    "model": "auth.permission",
    "pk": 3,
    "fields": {
        "name": "Can delete log entry",
        "content_type": 1,
        "codename": "delete_logentry"
    }
},
{
    "model": "auth.permission",
    "pk": 4,
    "fields": {
        "name": "Can view log entry",
        "content_type": 1,
        "codename": "view_logentry"
    }
},
{
    "model": "auth.permission",
    "pk": 5,
    "fields": {
        "name": "Can add permission",
        "content_type": 2,
        "codename": "add_permission"
    }
},
{
    "model": "auth.permission",
    "pk": 6,
    "fields": {
        "name": "Can change permission",
        "content_type": 2,
        "codename": "change_permission"
    }
},
{
    "model": "auth.permission",
    "pk": 7,
    "fields": {
        "name": "Can delete permission",
        "content_type": 2,
        "codename": "delete_permission"
    }
},
{
    "model": "auth.permission",
    "pk": 8,
    "fields": {
        "name": "Can view permission",
        "content_type": 2,
        "codename": "view_permission"
    }
},
{
    "model": "auth.permission",
    "pk": 9,
    "fields": {
        "name": "Can add group",
        "content_type": 3,
        "codename": "add_group"
    }
},
{
    "model": "auth.permission",
    "pk": 10,
    "fields": {
        "name": "Can change group",
        "content_type": 3,
        "codename": "change_group"
    }
},
{
    "model": "auth.permission",
    "pk": 11,
    "fields": {
        "name": "Can delete group",
        "content_type": 3,
        "codename": "delete_group"
    }
},
{
    "model": "auth.permission",
    "pk": 12,
    "fields": {
        "name": "Can view group",
        "content_type": 3,
        "codename": "view_group"
    }
},
{
    "model": "auth.permission",
    "pk": 13,
    "fields": {
        "name": "Can add content type",
        "content_type": 4,
        "codename": "add_contenttype"
    }
},
{
    "model": "auth.permission",
    "pk": 14,
    "fields": {
        "name": "Can change content type",
        "content_type": 4,
        "codename": "change_contenttype"
    }
},
{
    "model": "auth.permission",
    "pk": 15,
    "fields": {
        "name": "Can delete content type",
        "content_type": 4,
        "codename": "delete_contenttype"
    }
},
{
    "model": "auth.permission",
    "pk": 16,
    "fields": {
        "name": "Can view content type",
        "content_type": 4,
        "codename": "view_contenttype"
    }
},
{
    "model": "auth.permission",
    "pk": 17,
    "fields": {
        "name": "Can add session",
        "content_type": 5,
        "codename": "add_session"
    }
},
{
    "model": "auth.permission",
    "pk": 18,
    "fields": {
        "name": "Can change session",
        "content_type": 5,
        "codename": "change_session"
    }
},
{
    "model": "auth.permission",
    "pk": 19,
    "fields": {
        "name": "Can delete session",
        "content_type": 5,
        "codename": "delete_session"
    }
},
{
    "model": "auth.permission",
    "pk": 20,
    "fields": {
        "name": "Can view session",
        "content_type": 5,
        "codename": "view_session"
    }
},
{
    "model": "auth.permission",
    "pk": 21,
    "fields": {
        "name": "Can add post",
        "content_type": 6,
        "codename": "add_post"
    }
},
{
    "model": "auth.permission",
    "pk": 22,
    "fields": {
        "name": "Can change post",
        "content_type": 6,
        "codename": "change_post"
    }
},
{
    "model": "auth.permission",
    "pk": 23,
    "fields": {
        "name": "Can delete post",
        "content_type": 6,
        "codename": "delete_post"
    }
},
{
    "model": "auth.permission",
    "pk": 24,
    "fields": {
        "name": "Can view post",
        "content_type": 6,
        "codename": "view_post"
    }
},
{
    "model": "auth.permission",
    "pk": 25,
    "fields": {
        "name": "Can add user profile",
        "content_type": 7,
        "codename": "add_userprofile"
    }
},
{
    "model": "auth.permission",
    "pk": 26,
    "fields": {
        "name": "Can change user profile",
        "content_type": 7,
        "codename": "change_userprofile"
    }
},
{
    "model": "auth.permission",
    "pk": 27,
    "fields": {
        "name": "Can delete user profile",
        "content_type": 7,
        "codename": "delete_userprofile"
    }
},
{
    "model": "auth.permission",
    "pk": 28,
    "fields": {
        "name": "Can view user profile",
        "content_type": 7,
        "codename": "view_userprofile"
    }
},
{
    "model": "auth.permission",
    "pk": 29,
    "fields": {
        "name": "Can add Category",
        "content_type": 8,
        "codename": "add_category"
    }
},
{
    "model": "auth.permission",
    "pk": 30,
    "fields": {
        "name": "Can change Category",
        "content_type": 8,
        "codename": "change_category"
    }
},
{
    "model": "auth.permission",
    "pk": 31,
    "fields": {
        "name": "Can delete Category",
        "content_type": 8,
        "codename": "delete_category"
    }
},
{
    "model": "auth.permission",
    "pk": 32,
    "fields": {
        "name": "Can view Category",
        "content_type": 8,
        "codename": "view_category"
    }
},
{
    "model": "auth.permission",
    "pk": 33,
    "fields": {
        "name": "Can add city",
        "content_type": 9,
        "codename": "add_city"
    }
},
{
    "model": "auth.permission",
    "pk": 34,
    "fields": {
        "name": "Can change city",
        "content_type": 9,
        "codename": "change_city"
    }
},
{
    "model": "auth.permission",
    "pk": 35,
    "fields": {
        "name": "Can delete city",
        "content_type": 9,
        "codename": "delete_city"
    }
},
{
    "model": "auth.permission",
    "pk": 36,
    "fields": {
        "name": "Can view city",
        "content_type": 9,
        "codename": "view_city"
    }
},
{
    "model": "auth.permission",
    "pk": 37,
    "fields": {
        "name": "Can add country",
        "content_type": 10,
        "codename": "add_country"
    }
},
{
    "model": "auth.permission",
    "pk": 38,
    "fields": {
        "name": "Can change country",
        "content_type": 10,
        "codename": "change_country"
    }
},
{
    "model": "auth.permission",
    "pk": 39,
    "fields": {
        "name": "Can delete country",
        "content_type": 10,
        "codename": "delete_country"
    }
},
{
    "model": "auth.permission",
    "pk": 40,
    "fields": {
        "name": "Can view country",
        "content_type": 10,
        "codename": "view_country"
    }
},
{
    "model": "auth.permission",
    "pk": 41,
    "fields": {
        "name": "Can add district",
        "content_type": 11,
        "codename": "add_district"
    }
},
{
    "model": "auth.permission",
    "pk": 42,
    "fields": {
        "name": "Can change district",
        "content_type": 11,
        "codename": "change_district"
    }
},
{
    "model": "auth.permission",
    "pk": 43,
    "fields": {
        "name": "Can delete district",
        "content_type": 11,
        "codename": "delete_district"
    }
},
{
    "model": "auth.permission",
    "pk": 44,
    "fields": {
        "name": "Can view district",
        "content_type": 11,
        "codename": "view_district"
    }
},
{
    "model": "auth.permission",
    "pk": 45,
    "fields": {
        "name": "Can add organisation",
        "content_type": 12,
        "codename": "add_organisation"
    }
},
{
    "model": "auth.permission",
    "pk": 46,
    "fields": {
        "name": "Can change organisation",
        "content_type": 12,
        "codename": "change_organisation"
    }
},
{
    "model": "auth.permission",
    "pk": 47,
    "fields": {
        "name": "Can delete organisation",
        "content_type": 12,
        "codename": "delete_organisation"
    }
},
{
    "model": "auth.permission",
    "pk": 48,
    "fields": {
        "name": "Can view organisation",
        "content_type": 12,
        "codename": "view_organisation"
    }
},
{
    "model": "auth.permission",
    "pk": 49,
    "fields": {
        "name": "Can add org detail",
        "content_type": 13,
        "codename": "add_orgdetail"
    }
},
{
    "model": "auth.permission",
    "pk": 50,
    "fields": {
        "name": "Can change org detail",
        "content_type": 13,
        "codename": "change_orgdetail"
    }
},
{
    "model": "auth.permission",
    "pk": 51,
    "fields": {
        "name": "Can delete org detail",
        "content_type": 13,
        "codename": "delete_orgdetail"
    }
},
{
    "model": "auth.permission",
    "pk": 52,
    "fields": {
        "name": "Can view org detail",
        "content_type": 13,
        "codename": "view_orgdetail"
    }
},
{
    "model": "auth.permission",
    "pk": 53,
    "fields": {
        "name": "Can add thana",
        "content_type": 14,
        "codename": "add_thana"
    }
},
{
    "model": "auth.permission",
    "pk": 54,
    "fields": {
        "name": "Can change thana",
        "content_type": 14,
        "codename": "change_thana"
    }
},
{
    "model": "auth.permission",
    "pk": 55,
    "fields": {
        "name": "Can delete thana",
        "content_type": 14,
        "codename": "delete_thana"
    }
},
{
    "model": "auth.permission",
    "pk": 56,
    "fields": {
        "name": "Can view thana",
        "content_type": 14,
        "codename": "view_thana"
    }
},
{
    "model": "auth.permission",
    "pk": 57,
    "fields": {
        "name": "Can add org project",
        "content_type": 15,
        "codename": "add_orgproject"
    }
},
{
    "model": "auth.permission",
    "pk": 58,
    "fields": {
        "name": "Can change org project",
        "content_type": 15,
        "codename": "change_orgproject"
    }
},
{
    "model": "auth.permission",
    "pk": 59,
    "fields": {
        "name": "Can delete org project",
        "content_type": 15,
        "codename": "delete_orgproject"
    }
},
{
    "model": "auth.permission",
    "pk": 60,
    "fields": {
        "name": "Can view org project",
        "content_type": 15,
        "codename": "view_orgproject"
    }
},
{
    "model": "userApp.userprofile",
    "pk": 1,
    "fields": {
        "password": "pbkdf2_sha256$180000$BBzUUT9hwoaV$yUfirRQFDFeQ0TwE7wX/fPhKz/V4rQe2U5NF/VFV6Vk=",
        "last_login": "2020-04-30T00:09:34.639Z",
        "is_superuser": true,
        "email": "admin@gmail.com",
        "name": "admin",
        "is_active": true,
        "is_staff": true,
        "groups": [],
        "user_permissions": []
    }
},
{
    "model": "userApp.userprofile",
    "pk": 5,
    "fields": {
        "password": "pbkdf2_sha256$180000$XzSqswUdKAZc$rnAdGKrMDO2cwigcBBKCY00H726Iqgrf9/UQhO9vMLs=",
        "last_login": "2020-04-29T23:20:50.144Z",
        "is_superuser": false,
        "email": "jubel8180@gmail.com",
        "name": "jubel",
        "is_active": true,
        "is_staff": false,
        "groups": [],
        "user_permissions": []
    }
},
{
    "model": "userApp.userprofile",
    "pk": 6,
    "fields": {
        "password": "pbkdf2_sha256$180000$bWwkqjcsD8Gm$scbj+HsLj29OKnbl1NbUqP1PK29NePtreETEmGCtN4U=",
        "last_login": null,
        "is_superuser": false,
        "email": "jubel819980@gmail.com",
        "name": "",
        "is_active": true,
        "is_staff": false,
        "groups": [],
        "user_permissions": []
    }
},
{
    "model": "userApp.userprofile",
    "pk": 7,
    "fields": {
        "password": "pbkdf2_sha256$180000$DLtbJFCfdTSj$XyoH1toHQHOmeTpdELJMq0F8wsZ6oAWlM7jsRD4u64s=",
        "last_login": null,
        "is_superuser": false,
        "email": "ahmedkolim@gmail.com",
        "name": "",
        "is_active": true,
        "is_staff": false,
        "groups": [],
        "user_permissions": []
    }
},
{
    "model": "userApp.userprofile",
    "pk": 8,
    "fields": {
        "password": "pbkdf2_sha256$180000$sbyIZLtxCJsh$feyMPxy1Hqrd5zktLj8Dr/Szdr7GSNauM7OSK/EwxLM=",
        "last_login": "2020-05-04T12:00:49.723Z",
        "is_superuser": false,
        "email": "tawhidularefin530@gmail.com",
        "name": "",
        "is_active": true,
        "is_staff": false,
        "groups": [],
        "user_permissions": []
    }
},
{
    "model": "orgApp.organisation",
    "pk": 1,
    "fields": {
        "owner": 1,
        "name": "\u09a4\u09be\u09b0\u09c1\u09a3\u09cd\u09af \u09b8\u09ae\u09be\u099c \u0995\u09b2\u09cd\u09af\u09be\u09a8 \u09b8\u0982\u09b8\u09cd\u09a5\u09be",
        "about": "\u098f\u0987 \u09b8\u0982\u09b8\u09cd\u09a5\u09be \u09a6\u09c0\u09b0\u09cd\u0998 \u09eb \u09ac\u099b\u09b0 \u09af\u09be\u09ac\u09ce \u0995\u09be\u099c \u0995\u09b0\u09a4\u09c7\u099b\u09c7\u0964 \u0985\u09a8\u09c7\u0995 \u09b8\u09be\u09ae\u09be\u099c\u09bf\u0995 \u0995\u09be\u099c\u09c7 \u098f\u09b0 \u0985\u09ac\u09a6\u09be\u09a8 \u0986\u099b\u09c7\u0964 \u098f\u0996\u09a8 \u0993 \u0985\u09a8\u09c7\u0995 \u0995\u09be\u099c\u09c7 \u098f\u0997\u09bf\u09df\u09c7 \u09af\u09be\u099a\u09cd\u099b\u09c7\u0964",
        "org_category": 1,
        "division": 20,
        "district": 32,
        "thana": 108,
        "postal_area": "3080",
        "phone": "01742234926",
        "email": "jubel8180@gmail.com",
        "created_date": "2020-04-29T20:40:58.384Z",
        "updated_date": "2020-05-01T19:31:39.249Z",
        "status": true
    }
},
{
    "model": "orgApp.organisation",
    "pk": 2,
    "fields": {
        "owner": 1,
        "name": "new songstha",
        "about": "some test",
        "org_category": null,
        "division": 19,
        "district": 33,
        "thana": 69,
        "postal_area": null,
        "phone": "01742234926",
        "email": "ospbangla@gmail.com",
        "created_date": "2020-05-01T22:45:40.400Z",
        "updated_date": "2020-05-01T22:45:40.400Z",
        "status": true
    }
},
{
    "model": "admin.logentry",
    "pk": 1,
    "fields": {
        "action_time": "2020-04-28T13:25:42.653Z",
        "user": 1,
        "content_type": 10,
        "object_id": "1",
        "object_repr": "Bangladesh",
        "action_flag": 1,
        "change_message": "[{\"added\": {}}]"
    }
},
{
    "model": "admin.logentry",
    "pk": 2,
    "fields": {
        "action_time": "2020-04-28T13:26:11.781Z",
        "user": 1,
        "content_type": 9,
        "object_id": "1",
        "object_repr": "Dhaka",
        "action_flag": 1,
        "change_message": "[{\"added\": {}}]"
    }
},
{
    "model": "admin.logentry",
    "pk": 3,
    "fields": {
        "action_time": "2020-04-28T13:26:21.681Z",
        "user": 1,
        "content_type": 9,
        "object_id": "2",
        "object_repr": "Sylhet",
        "action_flag": 1,
        "change_message": "[{\"added\": {}}]"
    }
},
{
    "model": "admin.logentry",
    "pk": 4,
    "fields": {
        "action_time": "2020-04-28T13:26:47.013Z",
        "user": 1,
        "content_type": 11,
        "object_id": "1",
        "object_repr": "Dhaka",
        "action_flag": 1,
        "change_message": "[{\"added\": {}}]"
    }
},
{
    "model": "admin.logentry",
    "pk": 5,
    "fields": {
        "action_time": "2020-04-28T13:27:01.766Z",
        "user": 1,
        "content_type": 11,
        "object_id": "2",
        "object_repr": "Sunamgonj",
        "action_flag": 1,
        "change_message": "[{\"added\": {}}]"
    }
},
{
    "model": "admin.logentry",
    "pk": 6,
    "fields": {
        "action_time": "2020-04-28T13:27:33.206Z",
        "user": 1,
        "content_type": 14,
        "object_id": "1",
        "object_repr": "Adabor",
        "action_flag": 1,
        "change_message": "[{\"added\": {}}]"
    }
},
{
    "model": "admin.logentry",
    "pk": 7,
    "fields": {
        "action_time": "2020-04-28T13:27:44.695Z",
        "user": 1,
        "content_type": 14,
        "object_id": "1",
        "object_repr": "Adabor",
        "action_flag": 2,
        "change_message": "[]"
    }
},
{
    "model": "admin.logentry",
    "pk": 8,
    "fields": {
        "action_time": "2020-04-28T13:28:04.311Z",
        "user": 1,
        "content_type": 14,
        "object_id": "2",
        "object_repr": "Dowara Bazar",
        "action_flag": 1,
        "change_message": "[{\"added\": {}}]"
    }
},
{
    "model": "admin.logentry",
    "pk": 9,
    "fields": {
        "action_time": "2020-04-28T20:30:55.444Z",
        "user": 1,
        "content_type": 12,
        "object_id": "1",
        "object_repr": "tarunno",
        "action_flag": 3,
        "change_message": ""
    }
},
{
    "model": "admin.logentry",
    "pk": 10,
    "fields": {
        "action_time": "2020-04-28T20:46:10.717Z",
        "user": 1,
        "content_type": 12,
        "object_id": "3",
        "object_repr": "hello",
        "action_flag": 3,
        "change_message": ""
    }
},
{
    "model": "admin.logentry",
    "pk": 11,
    "fields": {
        "action_time": "2020-04-28T20:53:46.426Z",
        "user": 1,
        "content_type": 12,
        "object_id": "4",
        "object_repr": "hello",
        "action_flag": 3,
        "change_message": ""
    }
},
{
    "model": "admin.logentry",
    "pk": 12,
    "fields": {
        "action_time": "2020-04-28T20:55:48.353Z",
        "user": 1,
        "content_type": 12,
        "object_id": "5",
        "object_repr": "hello",
        "action_flag": 3,
        "change_message": ""
    }
},
{
    "model": "admin.logentry",
    "pk": 13,
    "fields": {
        "action_time": "2020-04-28T20:55:48.390Z",
        "user": 1,
        "content_type": 12,
        "object_id": "2",
        "object_repr": "\u09a4\u09be\u09b0\u09c1\u09a3\u09cd\u09af \u09b8\u09ae\u09be\u099c \u0995\u09b2\u09cd\u09af\u09be\u09a8 \u09b8\u0982\u09b8\u09cd\u09a5\u09be",
        "action_flag": 3,
        "change_message": ""
    }
},
{
    "model": "admin.logentry",
    "pk": 14,
    "fields": {
        "action_time": "2020-04-28T20:59:38.669Z",
        "user": 1,
        "content_type": 12,
        "object_id": "6",
        "object_repr": "Story",
        "action_flag": 3,
        "change_message": ""
    }
},
{
    "model": "admin.logentry",
    "pk": 15,
    "fields": {
        "action_time": "2020-04-28T21:02:19.836Z",
        "user": 1,
        "content_type": 12,
        "object_id": "7",
        "object_repr": "Story",
        "action_flag": 3,
        "change_message": ""
    }
},
{
    "model": "admin.logentry",
    "pk": 16,
    "fields": {
        "action_time": "2020-04-28T21:48:36.519Z",
        "user": 1,
        "content_type": 12,
        "object_id": "8",
        "object_repr": "Story",
        "action_flag": 3,
        "change_message": ""
    }
},
{
    "model": "admin.logentry",
    "pk": 17,
    "fields": {
        "action_time": "2020-04-28T21:51:14.376Z",
        "user": 1,
        "content_type": 12,
        "object_id": "9",
        "object_repr": "jubel ahmed",
        "action_flag": 1,
        "change_message": "[{\"added\": {}}]"
    }
},
{
    "model": "admin.logentry",
    "pk": 18,
    "fields": {
        "action_time": "2020-04-28T21:57:23.466Z",
        "user": 1,
        "content_type": 12,
        "object_id": "9",
        "object_repr": "jubel ahmed",
        "action_flag": 3,
        "change_message": ""
    }
},
{
    "model": "admin.logentry",
    "pk": 19,
    "fields": {
        "action_time": "2020-04-28T22:05:25.861Z",
        "user": 1,
        "content_type": 12,
        "object_id": "10",
        "object_repr": "jubel ahmed",
        "action_flag": 3,
        "change_message": ""
    }
},
{
    "model": "admin.logentry",
    "pk": 20,
    "fields": {
        "action_time": "2020-04-28T22:15:52.714Z",
        "user": 1,
        "content_type": 12,
        "object_id": "12",
        "object_repr": "Dhaka",
        "action_flag": 3,
        "change_message": ""
    }
},
{
    "model": "admin.logentry",
    "pk": 21,
    "fields": {
        "action_time": "2020-04-28T22:15:52.721Z",
        "user": 1,
        "content_type": 12,
        "object_id": "11",
        "object_repr": "jubel ahmed",
        "action_flag": 3,
        "change_message": ""
    }
},
{
    "model": "admin.logentry",
    "pk": 22,
    "fields": {
        "action_time": "2020-04-28T22:31:05.305Z",
        "user": 1,
        "content_type": 13,
        "object_id": "5",
        "object_repr": "https://web.facebook.com/",
        "action_flag": 3,
        "change_message": ""
    }
},
{
    "model": "admin.logentry",
    "pk": 23,
    "fields": {
        "action_time": "2020-04-28T22:31:05.332Z",
        "user": 1,
        "content_type": 13,
        "object_id": "4",
        "object_repr": "https://web.facebook.com/",
        "action_flag": 3,
        "change_message": ""
    }
},
{
    "model": "admin.logentry",
    "pk": 24,
    "fields": {
        "action_time": "2020-04-28T22:31:05.350Z",
        "user": 1,
        "content_type": 13,
        "object_id": "3",
        "object_repr": "https://web.facebook.com/groups/diusec/?multi_permalinks=1534118123435624%2C1532878346892935%2C1530845657096204%2C1534091250104978%2C1533070450207058&notif_id=1587530990597013&notif_t=group_activity",
        "action_flag": 3,
        "change_message": ""
    }
},
{
    "model": "admin.logentry",
    "pk": 25,
    "fields": {
        "action_time": "2020-04-28T22:31:05.377Z",
        "user": 1,
        "content_type": 13,
        "object_id": "2",
        "object_repr": "https://web.facebook.com/",
        "action_flag": 3,
        "change_message": ""
    }
},
{
    "model": "admin.logentry",
    "pk": 26,
    "fields": {
        "action_time": "2020-04-28T22:31:05.407Z",
        "user": 1,
        "content_type": 13,
        "object_id": "1",
        "object_repr": "https://web.facebook.com/groups/diusec/?multi_permalinks=1534118123435624%2C1532878346892935%2C1530845657096204%2C1534091250104978%2C1533070450207058&notif_id=1587530990597013&notif_t=group_activity",
        "action_flag": 3,
        "change_message": ""
    }
},
{
    "model": "admin.logentry",
    "pk": 27,
    "fields": {
        "action_time": "2020-04-28T22:31:38.218Z",
        "user": 1,
        "content_type": 12,
        "object_id": "15",
        "object_repr": "Story",
        "action_flag": 3,
        "change_message": ""
    }
},
{
    "model": "admin.logentry",
    "pk": 28,
    "fields": {
        "action_time": "2020-04-28T22:31:38.239Z",
        "user": 1,
        "content_type": 12,
        "object_id": "14",
        "object_repr": "jubelasas",
        "action_flag": 3,
        "change_message": ""
    }
},
{
    "model": "admin.logentry",
    "pk": 29,
    "fields": {
        "action_time": "2020-04-28T22:31:38.290Z",
        "user": 1,
        "content_type": 12,
        "object_id": "13",
        "object_repr": "jubel8180",
        "action_flag": 3,
        "change_message": ""
    }
},
{
    "model": "admin.logentry",
    "pk": 30,
    "fields": {
        "action_time": "2020-04-28T22:36:20.707Z",
        "user": 1,
        "content_type": 12,
        "object_id": "16",
        "object_repr": "Story",
        "action_flag": 3,
        "change_message": ""
    }
},
{
    "model": "admin.logentry",
    "pk": 31,
    "fields": {
        "action_time": "2020-04-28T22:39:37.030Z",
        "user": 1,
        "content_type": 12,
        "object_id": "17",
        "object_repr": "Story",
        "action_flag": 3,
        "change_message": ""
    }
},
{
    "model": "admin.logentry",
    "pk": 32,
    "fields": {
        "action_time": "2020-04-28T22:41:57.427Z",
        "user": 1,
        "content_type": 12,
        "object_id": "18",
        "object_repr": "Story",
        "action_flag": 2,
        "change_message": "[{\"changed\": {\"fields\": [\"Email\"]}}]"
    }
},
{
    "model": "admin.logentry",
    "pk": 33,
    "fields": {
        "action_time": "2020-04-28T22:54:37.846Z",
        "user": 1,
        "content_type": 13,
        "object_id": "2",
        "object_repr": "https://web.facebook.com/",
        "action_flag": 2,
        "change_message": "[{\"changed\": {\"fields\": [\"Image\", \"Logo\"]}}]"
    }
},
{
    "model": "admin.logentry",
    "pk": 34,
    "fields": {
        "action_time": "2020-04-28T23:56:39.466Z",
        "user": 1,
        "content_type": 10,
        "object_id": "1",
        "object_repr": "\u09ac\u09be\u0982\u09b2\u09be\u09a6\u09c7\u09b6",
        "action_flag": 2,
        "change_message": "[{\"changed\": {\"fields\": [\"Name\"]}}]"
    }
},
{
    "model": "admin.logentry",
    "pk": 35,
    "fields": {
        "action_time": "2020-04-28T23:57:38.334Z",
        "user": 1,
        "content_type": 9,
        "object_id": "2",
        "object_repr": "\u09b8\u09bf\u09b2\u09c7\u099f",
        "action_flag": 2,
        "change_message": "[{\"changed\": {\"fields\": [\"Name\"]}}]"
    }
},
{
    "model": "admin.logentry",
    "pk": 36,
    "fields": {
        "action_time": "2020-04-29T00:20:40.738Z",
        "user": 1,
        "content_type": 9,
        "object_id": "3",
        "object_repr": "Rajasi",
        "action_flag": 1,
        "change_message": "new through import_export"
    }
},
{
    "model": "admin.logentry",
    "pk": 37,
    "fields": {
        "action_time": "2020-04-29T00:20:40.764Z",
        "user": 1,
        "content_type": 9,
        "object_id": "4",
        "object_repr": "sunamgonj",
        "action_flag": 1,
        "change_message": "new through import_export"
    }
},
{
    "model": "admin.logentry",
    "pk": 38,
    "fields": {
        "action_time": "2020-04-29T00:21:08.356Z",
        "user": 1,
        "content_type": 9,
        "object_id": "4",
        "object_repr": "sunamgonj",
        "action_flag": 3,
        "change_message": ""
    }
},
{
    "model": "admin.logentry",
    "pk": 39,
    "fields": {
        "action_time": "2020-04-29T00:21:08.366Z",
        "user": 1,
        "content_type": 9,
        "object_id": "3",
        "object_repr": "Rajasi",
        "action_flag": 3,
        "change_message": ""
    }
},
{
    "model": "admin.logentry",
    "pk": 40,
    "fields": {
        "action_time": "2020-04-29T00:21:08.396Z",
        "user": 1,
        "content_type": 9,
        "object_id": "2",
        "object_repr": "\u09b8\u09bf\u09b2\u09c7\u099f",
        "action_flag": 3,
        "change_message": ""
    }
},
{
    "model": "admin.logentry",
    "pk": 41,
    "fields": {
        "action_time": "2020-04-29T00:21:08.416Z",
        "user": 1,
        "content_type": 9,
        "object_id": "1",
        "object_repr": "\u09a2\u09be\u0995\u09be",
        "action_flag": 3,
        "change_message": ""
    }
},
{
    "model": "admin.logentry",
    "pk": 42,
    "fields": {
        "action_time": "2020-04-29T00:29:40.229Z",
        "user": 1,
        "content_type": 9,
        "object_id": "5",
        "object_repr": "??????",
        "action_flag": 1,
        "change_message": "new through import_export"
    }
},
{
    "model": "admin.logentry",
    "pk": 43,
    "fields": {
        "action_time": "2020-04-29T00:29:40.264Z",
        "user": 1,
        "content_type": 9,
        "object_id": "6",
        "object_repr": "?????",
        "action_flag": 1,
        "change_message": "new through import_export"
    }
},
{
    "model": "admin.logentry",
    "pk": 44,
    "fields": {
        "action_time": "2020-04-29T00:29:40.295Z",
        "user": 1,
        "content_type": 9,
        "object_id": "7",
        "object_repr": "???????",
        "action_flag": 1,
        "change_message": "new through import_export"
    }
},
{
    "model": "admin.logentry",
    "pk": 45,
    "fields": {
        "action_time": "2020-04-29T00:29:40.370Z",
        "user": 1,
        "content_type": 9,
        "object_id": "8",
        "object_repr": "????",
        "action_flag": 1,
        "change_message": "new through import_export"
    }
},
{
    "model": "admin.logentry",
    "pk": 46,
    "fields": {
        "action_time": "2020-04-29T00:29:40.413Z",
        "user": 1,
        "content_type": 9,
        "object_id": "9",
        "object_repr": "?????",
        "action_flag": 1,
        "change_message": "new through import_export"
    }
},
{
    "model": "admin.logentry",
    "pk": 47,
    "fields": {
        "action_time": "2020-04-29T00:29:40.471Z",
        "user": 1,
        "content_type": 9,
        "object_id": "10",
        "object_repr": "?????",
        "action_flag": 1,
        "change_message": "new through import_export"
    }
},
{
    "model": "admin.logentry",
    "pk": 48,
    "fields": {
        "action_time": "2020-04-29T00:29:40.613Z",
        "user": 1,
        "content_type": 9,
        "object_id": "11",
        "object_repr": "?????????",
        "action_flag": 1,
        "change_message": "new through import_export"
    }
},
{
    "model": "admin.logentry",
    "pk": 49,
    "fields": {
        "action_time": "2020-04-29T00:40:03.948Z",
        "user": 1,
        "content_type": 9,
        "object_id": "11",
        "object_repr": "?????????",
        "action_flag": 3,
        "change_message": ""
    }
},
{
    "model": "admin.logentry",
    "pk": 50,
    "fields": {
        "action_time": "2020-04-29T00:40:03.992Z",
        "user": 1,
        "content_type": 9,
        "object_id": "10",
        "object_repr": "?????",
        "action_flag": 3,
        "change_message": ""
    }
},
{
    "model": "admin.logentry",
    "pk": 51,
    "fields": {
        "action_time": "2020-04-29T00:40:04.021Z",
        "user": 1,
        "content_type": 9,
        "object_id": "9",
        "object_repr": "?????",
        "action_flag": 3,
        "change_message": ""
    }
},
{
    "model": "admin.logentry",
    "pk": 52,
    "fields": {
        "action_time": "2020-04-29T00:40:04.075Z",
        "user": 1,
        "content_type": 9,
        "object_id": "8",
        "object_repr": "????",
        "action_flag": 3,
        "change_message": ""
    }
},
{
    "model": "admin.logentry",
    "pk": 53,
    "fields": {
        "action_time": "2020-04-29T00:40:04.098Z",
        "user": 1,
        "content_type": 9,
        "object_id": "7",
        "object_repr": "???????",
        "action_flag": 3,
        "change_message": ""
    }
},
{
    "model": "admin.logentry",
    "pk": 54,
    "fields": {
        "action_time": "2020-04-29T00:40:04.116Z",
        "user": 1,
        "content_type": 9,
        "object_id": "6",
        "object_repr": "?????",
        "action_flag": 3,
        "change_message": ""
    }
},
{
    "model": "admin.logentry",
    "pk": 55,
    "fields": {
        "action_time": "2020-04-29T00:40:04.166Z",
        "user": 1,
        "content_type": 9,
        "object_id": "5",
        "object_repr": "??????",
        "action_flag": 3,
        "change_message": ""
    }
},
{
    "model": "admin.logentry",
    "pk": 56,
    "fields": {
        "action_time": "2020-04-29T00:40:41.667Z",
        "user": 1,
        "content_type": 9,
        "object_id": "12",
        "object_repr": "\u09ac\u09b0\u09bf\u09b6\u09be\u09b2",
        "action_flag": 1,
        "change_message": "new through import_export"
    }
},
{
    "model": "admin.logentry",
    "pk": 57,
    "fields": {
        "action_time": "2020-04-29T00:40:41.814Z",
        "user": 1,
        "content_type": 9,
        "object_id": "13",
        "object_repr": "\u09b8\u09bf\u09b2\u09c7\u099f",
        "action_flag": 1,
        "change_message": "new through import_export"
    }
},
{
    "model": "admin.logentry",
    "pk": 58,
    "fields": {
        "action_time": "2020-04-29T00:40:41.920Z",
        "user": 1,
        "content_type": 9,
        "object_id": "14",
        "object_repr": "\u09ae\u09df\u09ae\u09a8\u09b8\u09bf\u0982",
        "action_flag": 1,
        "change_message": "new through import_export"
    }
},
{
    "model": "admin.logentry",
    "pk": 59,
    "fields": {
        "action_time": "2020-04-29T00:40:41.986Z",
        "user": 1,
        "content_type": 9,
        "object_id": "15",
        "object_repr": "\u09a2\u09be\u0995\u09be",
        "action_flag": 1,
        "change_message": "new through import_export"
    }
},
{
    "model": "admin.logentry",
    "pk": 60,
    "fields": {
        "action_time": "2020-04-29T00:40:42.033Z",
        "user": 1,
        "content_type": 9,
        "object_id": "16",
        "object_repr": "\u0996\u09c1\u09b2\u09a8\u09be",
        "action_flag": 1,
        "change_message": "new through import_export"
    }
},
{
    "model": "admin.logentry",
    "pk": 61,
    "fields": {
        "action_time": "2020-04-29T00:40:42.116Z",
        "user": 1,
        "content_type": 9,
        "object_id": "17",
        "object_repr": "\u09b0\u0982\u09aa\u09c1\u09b0",
        "action_flag": 1,
        "change_message": "new through import_export"
    }
},
{
    "model": "admin.logentry",
    "pk": 62,
    "fields": {
        "action_time": "2020-04-29T00:40:42.276Z",
        "user": 1,
        "content_type": 9,
        "object_id": "18",
        "object_repr": "\u099a\u099f\u09cd\u099f\u0997\u09cd\u09b0\u09be\u09ae",
        "action_flag": 1,
        "change_message": "new through import_export"
    }
},
{
    "model": "admin.logentry",
    "pk": 63,
    "fields": {
        "action_time": "2020-04-29T00:56:46.808Z",
        "user": 1,
        "content_type": 11,
        "object_id": "3",
        "object_repr": "\u09a2\u09be\u0995\u09be",
        "action_flag": 1,
        "change_message": "new through import_export"
    }
},
{
    "model": "admin.logentry",
    "pk": 64,
    "fields": {
        "action_time": "2020-04-29T00:56:46.830Z",
        "user": 1,
        "content_type": 11,
        "object_id": "4",
        "object_repr": "\u09ab\u09b0\u09bf\u09a6\u09aa\u09c1\u09b0",
        "action_flag": 1,
        "change_message": "new through import_export"
    }
},
{
    "model": "admin.logentry",
    "pk": 65,
    "fields": {
        "action_time": "2020-04-29T00:56:46.846Z",
        "user": 1,
        "content_type": 11,
        "object_id": "5",
        "object_repr": "\u0997\u09be\u099c\u09c0\u09aa\u09c1\u09b0",
        "action_flag": 1,
        "change_message": "new through import_export"
    }
},
{
    "model": "admin.logentry",
    "pk": 66,
    "fields": {
        "action_time": "2020-04-29T00:56:46.865Z",
        "user": 1,
        "content_type": 11,
        "object_id": "6",
        "object_repr": "\u0997\u09cb\u09aa\u09be\u09b2\u0997\u099e\u09cd\u099c",
        "action_flag": 1,
        "change_message": "new through import_export"
    }
},
{
    "model": "admin.logentry",
    "pk": 67,
    "fields": {
        "action_time": "2020-04-29T00:56:46.883Z",
        "user": 1,
        "content_type": 11,
        "object_id": "7",
        "object_repr": "\u0995\u09bf\u09b6\u09cb\u09b0\u0997\u099e\u09cd\u099c",
        "action_flag": 1,
        "change_message": "new through import_export"
    }
},
{
    "model": "admin.logentry",
    "pk": 68,
    "fields": {
        "action_time": "2020-04-29T00:56:46.899Z",
        "user": 1,
        "content_type": 11,
        "object_id": "8",
        "object_repr": "\u09ae\u09be\u09a6\u09be\u09b0\u09bf\u09aa\u09c1\u09b0",
        "action_flag": 1,
        "change_message": "new through import_export"
    }
},
{
    "model": "admin.logentry",
    "pk": 69,
    "fields": {
        "action_time": "2020-04-29T00:56:46.919Z",
        "user": 1,
        "content_type": 11,
        "object_id": "9",
        "object_repr": "\u09ae\u09be\u09a8\u09bf\u0995\u0997\u099e\u09cd\u099c",
        "action_flag": 1,
        "change_message": "new through import_export"
    }
},
{
    "model": "admin.logentry",
    "pk": 70,
    "fields": {
        "action_time": "2020-04-29T00:56:46.949Z",
        "user": 1,
        "content_type": 11,
        "object_id": "10",
        "object_repr": "\u09ae\u09c1\u09a8\u09cd\u09b8\u09bf\u0997\u099e\u09cd\u099c",
        "action_flag": 1,
        "change_message": "new through import_export"
    }
},
{
    "model": "admin.logentry",
    "pk": 71,
    "fields": {
        "action_time": "2020-04-29T00:56:46.966Z",
        "user": 1,
        "content_type": 11,
        "object_id": "11",
        "object_repr": "\u09a8\u09be\u09b0\u09be\u09af\u09bc\u09a8\u0997\u099e\u09cd\u099c ",
        "action_flag": 1,
        "change_message": "new through import_export"
    }
},
{
    "model": "admin.logentry",
    "pk": 72,
    "fields": {
        "action_time": "2020-04-29T00:56:46.981Z",
        "user": 1,
        "content_type": 11,
        "object_id": "12",
        "object_repr": "\u09a8\u09b0\u09b8\u09bf\u0982\u09a6\u09c0",
        "action_flag": 1,
        "change_message": "new through import_export"
    }
},
{
    "model": "admin.logentry",
    "pk": 73,
    "fields": {
        "action_time": "2020-04-29T00:56:46.999Z",
        "user": 1,
        "content_type": 11,
        "object_id": "13",
        "object_repr": "\u09b0\u09be\u099c\u09ac\u09be\u09a1\u09bc\u09c0 ",
        "action_flag": 1,
        "change_message": "new through import_export"
    }
},
{
    "model": "admin.logentry",
    "pk": 74,
    "fields": {
        "action_time": "2020-04-29T00:56:47.015Z",
        "user": 1,
        "content_type": 11,
        "object_id": "14",
        "object_repr": "\u09b6\u09b0\u09bf\u09af\u09bc\u09a4\u09aa\u09c1\u09b0 ",
        "action_flag": 1,
        "change_message": "new through import_export"
    }
},
{
    "model": "admin.logentry",
    "pk": 75,
    "fields": {
        "action_time": "2020-04-29T00:56:47.037Z",
        "user": 1,
        "content_type": 11,
        "object_id": "15",
        "object_repr": "\u099f\u09be\u0999\u09cd\u0997\u09be\u0987\u09b2 ",
        "action_flag": 1,
        "change_message": "new through import_export"
    }
},
{
    "model": "admin.logentry",
    "pk": 76,
    "fields": {
        "action_time": "2020-04-29T00:58:49.386Z",
        "user": 1,
        "content_type": 9,
        "object_id": "18",
        "object_repr": "\u099a\u099f\u09cd\u099f\u0997\u09cd\u09b0\u09be\u09ae",
        "action_flag": 3,
        "change_message": ""
    }
},
{
    "model": "admin.logentry",
    "pk": 77,
    "fields": {
        "action_time": "2020-04-29T00:58:49.404Z",
        "user": 1,
        "content_type": 9,
        "object_id": "17",
        "object_repr": "\u09b0\u0982\u09aa\u09c1\u09b0",
        "action_flag": 3,
        "change_message": ""
    }
},
{
    "model": "admin.logentry",
    "pk": 78,
    "fields": {
        "action_time": "2020-04-29T00:58:49.480Z",
        "user": 1,
        "content_type": 9,
        "object_id": "16",
        "object_repr": "\u0996\u09c1\u09b2\u09a8\u09be",
        "action_flag": 3,
        "change_message": ""
    }
},
{
    "model": "admin.logentry",
    "pk": 79,
    "fields": {
        "action_time": "2020-04-29T00:58:49.508Z",
        "user": 1,
        "content_type": 9,
        "object_id": "15",
        "object_repr": "\u09a2\u09be\u0995\u09be",
        "action_flag": 3,
        "change_message": ""
    }
},
{
    "model": "admin.logentry",
    "pk": 80,
    "fields": {
        "action_time": "2020-04-29T00:58:49.566Z",
        "user": 1,
        "content_type": 9,
        "object_id": "14",
        "object_repr": "\u09ae\u09df\u09ae\u09a8\u09b8\u09bf\u0982",
        "action_flag": 3,
        "change_message": ""
    }
},
{
    "model": "admin.logentry",
    "pk": 81,
    "fields": {
        "action_time": "2020-04-29T00:58:49.583Z",
        "user": 1,
        "content_type": 9,
        "object_id": "13",
        "object_repr": "\u09b8\u09bf\u09b2\u09c7\u099f",
        "action_flag": 3,
        "change_message": ""
    }
},
{
    "model": "admin.logentry",
    "pk": 82,
    "fields": {
        "action_time": "2020-04-29T00:58:49.675Z",
        "user": 1,
        "content_type": 9,
        "object_id": "12",
        "object_repr": "\u09ac\u09b0\u09bf\u09b6\u09be\u09b2",
        "action_flag": 3,
        "change_message": ""
    }
},
{
    "model": "admin.logentry",
    "pk": 83,
    "fields": {
        "action_time": "2020-04-29T01:07:47.034Z",
        "user": 1,
        "content_type": 9,
        "object_id": "19",
        "object_repr": "\u09ac\u09b0\u09bf\u09b6\u09be\u09b2",
        "action_flag": 1,
        "change_message": "new through import_export"
    }
},
{
    "model": "admin.logentry",
    "pk": 84,
    "fields": {
        "action_time": "2020-04-29T01:07:47.074Z",
        "user": 1,
        "content_type": 9,
        "object_id": "20",
        "object_repr": "\u09b8\u09bf\u09b2\u09c7\u099f",
        "action_flag": 1,
        "change_message": "new through import_export"
    }
},
{
    "model": "admin.logentry",
    "pk": 85,
    "fields": {
        "action_time": "2020-04-29T01:07:47.093Z",
        "user": 1,
        "content_type": 9,
        "object_id": "21",
        "object_repr": "\u09ae\u09df\u09ae\u09a8\u09b8\u09bf\u0982",
        "action_flag": 1,
        "change_message": "new through import_export"
    }
},
{
    "model": "admin.logentry",
    "pk": 86,
    "fields": {
        "action_time": "2020-04-29T01:07:47.104Z",
        "user": 1,
        "content_type": 9,
        "object_id": "22",
        "object_repr": "\u09a2\u09be\u0995\u09be",
        "action_flag": 1,
        "change_message": "new through import_export"
    }
},
{
    "model": "admin.logentry",
    "pk": 87,
    "fields": {
        "action_time": "2020-04-29T01:07:47.123Z",
        "user": 1,
        "content_type": 9,
        "object_id": "23",
        "object_repr": "\u0996\u09c1\u09b2\u09a8\u09be",
        "action_flag": 1,
        "change_message": "new through import_export"
    }
},
{
    "model": "admin.logentry",
    "pk": 88,
    "fields": {
        "action_time": "2020-04-29T01:07:47.135Z",
        "user": 1,
        "content_type": 9,
        "object_id": "24",
        "object_repr": "\u09b0\u0982\u09aa\u09c1\u09b0",
        "action_flag": 1,
        "change_message": "new through import_export"
    }
},
{
    "model": "admin.logentry",
    "pk": 89,
    "fields": {
        "action_time": "2020-04-29T01:07:47.146Z",
        "user": 1,
        "content_type": 9,
        "object_id": "25",
        "object_repr": "\u099a\u099f\u09cd\u099f\u0997\u09cd\u09b0\u09be\u09ae",
        "action_flag": 1,
        "change_message": "new through import_export"
    }
},
{
    "model": "admin.logentry",
    "pk": 90,
    "fields": {
        "action_time": "2020-04-29T01:11:54.394Z",
        "user": 1,
        "content_type": 11,
        "object_id": "16",
        "object_repr": "\u09a2\u09be\u0995\u09be",
        "action_flag": 1,
        "change_message": "new through import_export"
    }
},
{
    "model": "admin.logentry",
    "pk": 91,
    "fields": {
        "action_time": "2020-04-29T01:11:54.417Z",
        "user": 1,
        "content_type": 11,
        "object_id": "17",
        "object_repr": "\u09ab\u09b0\u09bf\u09a6\u09aa\u09c1\u09b0",
        "action_flag": 1,
        "change_message": "new through import_export"
    }
},
{
    "model": "admin.logentry",
    "pk": 92,
    "fields": {
        "action_time": "2020-04-29T01:11:54.434Z",
        "user": 1,
        "content_type": 11,
        "object_id": "18",
        "object_repr": "\u0997\u09be\u099c\u09c0\u09aa\u09c1\u09b0",
        "action_flag": 1,
        "change_message": "new through import_export"
    }
},
{
    "model": "admin.logentry",
    "pk": 93,
    "fields": {
        "action_time": "2020-04-29T01:11:54.449Z",
        "user": 1,
        "content_type": 11,
        "object_id": "19",
        "object_repr": "\u0997\u09cb\u09aa\u09be\u09b2\u0997\u099e\u09cd\u099c",
        "action_flag": 1,
        "change_message": "new through import_export"
    }
},
{
    "model": "admin.logentry",
    "pk": 94,
    "fields": {
        "action_time": "2020-04-29T01:11:54.464Z",
        "user": 1,
        "content_type": 11,
        "object_id": "20",
        "object_repr": "\u0995\u09bf\u09b6\u09cb\u09b0\u0997\u099e\u09cd\u099c",
        "action_flag": 1,
        "change_message": "new through import_export"
    }
},
{
    "model": "admin.logentry",
    "pk": 95,
    "fields": {
        "action_time": "2020-04-29T01:11:54.480Z",
        "user": 1,
        "content_type": 11,
        "object_id": "21",
        "object_repr": "\u09ae\u09be\u09a6\u09be\u09b0\u09bf\u09aa\u09c1\u09b0",
        "action_flag": 1,
        "change_message": "new through import_export"
    }
},
{
    "model": "admin.logentry",
    "pk": 96,
    "fields": {
        "action_time": "2020-04-29T01:11:54.496Z",
        "user": 1,
        "content_type": 11,
        "object_id": "22",
        "object_repr": "\u09ae\u09be\u09a8\u09bf\u0995\u0997\u099e\u09cd\u099c",
        "action_flag": 1,
        "change_message": "new through import_export"
    }
},
{
    "model": "admin.logentry",
    "pk": 97,
    "fields": {
        "action_time": "2020-04-29T01:11:54.512Z",
        "user": 1,
        "content_type": 11,
        "object_id": "23",
        "object_repr": "\u09ae\u09c1\u09a8\u09cd\u09b8\u09bf\u0997\u099e\u09cd\u099c",
        "action_flag": 1,
        "change_message": "new through import_export"
    }
},
{
    "model": "admin.logentry",
    "pk": 98,
    "fields": {
        "action_time": "2020-04-29T01:11:54.530Z",
        "user": 1,
        "content_type": 11,
        "object_id": "24",
        "object_repr": "\u09a8\u09be\u09b0\u09be\u09af\u09bc\u09a8\u0997\u099e\u09cd\u099c ",
        "action_flag": 1,
        "change_message": "new through import_export"
    }
},
{
    "model": "admin.logentry",
    "pk": 99,
    "fields": {
        "action_time": "2020-04-29T01:11:54.551Z",
        "user": 1,
        "content_type": 11,
        "object_id": "25",
        "object_repr": "\u09a8\u09b0\u09b8\u09bf\u0982\u09a6\u09c0",
        "action_flag": 1,
        "change_message": "new through import_export"
    }
},
{
    "model": "admin.logentry",
    "pk": 100,
    "fields": {
        "action_time": "2020-04-29T01:11:54.568Z",
        "user": 1,
        "content_type": 11,
        "object_id": "26",
        "object_repr": "\u09b0\u09be\u099c\u09ac\u09be\u09a1\u09bc\u09c0 ",
        "action_flag": 1,
        "change_message": "new through import_export"
    }
},
{
    "model": "admin.logentry",
    "pk": 101,
    "fields": {
        "action_time": "2020-04-29T01:11:54.584Z",
        "user": 1,
        "content_type": 11,
        "object_id": "27",
        "object_repr": "\u09b6\u09b0\u09bf\u09af\u09bc\u09a4\u09aa\u09c1\u09b0 ",
        "action_flag": 1,
        "change_message": "new through import_export"
    }
},
{
    "model": "admin.logentry",
    "pk": 102,
    "fields": {
        "action_time": "2020-04-29T01:11:54.601Z",
        "user": 1,
        "content_type": 11,
        "object_id": "28",
        "object_repr": "\u099f\u09be\u0999\u09cd\u0997\u09be\u0987\u09b2 ",
        "action_flag": 1,
        "change_message": "new through import_export"
    }
},
{
    "model": "admin.logentry",
    "pk": 103,
    "fields": {
        "action_time": "2020-04-29T01:25:05.589Z",
        "user": 1,
        "content_type": 9,
        "object_id": "21",
        "object_repr": "\u09ae\u09af\u09bc\u09ae\u09a8\u09b8\u09bf\u0982\u09b9",
        "action_flag": 2,
        "change_message": "[{\"changed\": {\"fields\": [\"Name\"]}}]"
    }
},
{
    "model": "admin.logentry",
    "pk": 104,
    "fields": {
        "action_time": "2020-04-29T01:39:28.436Z",
        "user": 1,
        "content_type": 11,
        "object_id": "29",
        "object_repr": "\u09b8\u09bf\u09b2\u09c7\u099f",
        "action_flag": 1,
        "change_message": "new through import_export"
    }
},
{
    "model": "admin.logentry",
    "pk": 105,
    "fields": {
        "action_time": "2020-04-29T01:39:28.524Z",
        "user": 1,
        "content_type": 11,
        "object_id": "30",
        "object_repr": "\u09b9\u09ac\u09bf\u0997\u099e\u09cd\u099c",
        "action_flag": 1,
        "change_message": "new through import_export"
    }
},
{
    "model": "admin.logentry",
    "pk": 106,
    "fields": {
        "action_time": "2020-04-29T01:39:28.600Z",
        "user": 1,
        "content_type": 11,
        "object_id": "31",
        "object_repr": "\u09ae\u09cc\u09b2\u09ad\u09bf\u09ac\u09be\u099c\u09be\u09b0",
        "action_flag": 1,
        "change_message": "new through import_export"
    }
},
{
    "model": "admin.logentry",
    "pk": 107,
    "fields": {
        "action_time": "2020-04-29T01:39:28.707Z",
        "user": 1,
        "content_type": 11,
        "object_id": "32",
        "object_repr": "\u09b8\u09c1\u09a8\u09be\u09ae\u0997\u099e\u09cd\u099c",
        "action_flag": 1,
        "change_message": "new through import_export"
    }
},
{
    "model": "admin.logentry",
    "pk": 108,
    "fields": {
        "action_time": "2020-04-29T01:39:28.805Z",
        "user": 1,
        "content_type": 11,
        "object_id": "33",
        "object_repr": "\u09ac\u09b0\u09bf\u09b6\u09be\u09b2",
        "action_flag": 1,
        "change_message": "new through import_export"
    }
},
{
    "model": "admin.logentry",
    "pk": 109,
    "fields": {
        "action_time": "2020-04-29T01:39:28.897Z",
        "user": 1,
        "content_type": 11,
        "object_id": "34",
        "object_repr": "\u09aa\u099f\u09c1\u09df\u09be\u0996\u09be\u09b2\u09c0",
        "action_flag": 1,
        "change_message": "new through import_export"
    }
},
{
    "model": "admin.logentry",
    "pk": 110,
    "fields": {
        "action_time": "2020-04-29T01:39:28.954Z",
        "user": 1,
        "content_type": 11,
        "object_id": "35",
        "object_repr": "\u09ad\u09cb\u09b2\u09be",
        "action_flag": 1,
        "change_message": "new through import_export"
    }
},
{
    "model": "admin.logentry",
    "pk": 111,
    "fields": {
        "action_time": "2020-04-29T01:39:29.024Z",
        "user": 1,
        "content_type": 11,
        "object_id": "36",
        "object_repr": "\u09aa\u09bf\u09b0\u09cb\u099c\u09aa\u09c1\u09b0",
        "action_flag": 1,
        "change_message": "new through import_export"
    }
},
{
    "model": "admin.logentry",
    "pk": 112,
    "fields": {
        "action_time": "2020-04-29T01:39:29.098Z",
        "user": 1,
        "content_type": 11,
        "object_id": "37",
        "object_repr": "\u09ac\u09b0\u0997\u09c1\u09a8\u09be",
        "action_flag": 1,
        "change_message": "new through import_export"
    }
},
{
    "model": "admin.logentry",
    "pk": 113,
    "fields": {
        "action_time": "2020-04-29T01:39:29.180Z",
        "user": 1,
        "content_type": 11,
        "object_id": "38",
        "object_repr": "\u099d\u09be\u09b2\u0995\u09be\u09a0\u09c0",
        "action_flag": 1,
        "change_message": "new through import_export"
    }
},
{
    "model": "admin.logentry",
    "pk": 114,
    "fields": {
        "action_time": "2020-04-29T01:39:29.249Z",
        "user": 1,
        "content_type": 11,
        "object_id": "39",
        "object_repr": "\u09ae\u09df\u09ae\u09a8\u09b8\u09bf\u0982\u09b9",
        "action_flag": 1,
        "change_message": "new through import_export"
    }
},
{
    "model": "admin.logentry",
    "pk": 115,
    "fields": {
        "action_time": "2020-04-29T01:39:29.387Z",
        "user": 1,
        "content_type": 11,
        "object_id": "40",
        "object_repr": "\u099c\u09be\u09ae\u09be\u09b2\u09aa\u09c1\u09b0",
        "action_flag": 1,
        "change_message": "new through import_export"
    }
},
{
    "model": "admin.logentry",
    "pk": 116,
    "fields": {
        "action_time": "2020-04-29T01:39:29.457Z",
        "user": 1,
        "content_type": 11,
        "object_id": "41",
        "object_repr": "\u09a8\u09c7\u09a4\u09cd\u09b0\u0995\u09cb\u09a3\u09be",
        "action_flag": 1,
        "change_message": "new through import_export"
    }
},
{
    "model": "admin.logentry",
    "pk": 117,
    "fields": {
        "action_time": "2020-04-29T01:39:29.520Z",
        "user": 1,
        "content_type": 11,
        "object_id": "42",
        "object_repr": "\u09b6\u09c7\u09b0\u09aa\u09c1\u09b0",
        "action_flag": 1,
        "change_message": "new through import_export"
    }
},
{
    "model": "admin.logentry",
    "pk": 118,
    "fields": {
        "action_time": "2020-04-29T01:39:29.584Z",
        "user": 1,
        "content_type": 11,
        "object_id": "43",
        "object_repr": "\u099a\u099f\u09cd\u099f\u0997\u09cd\u09b0\u09be\u09ae",
        "action_flag": 1,
        "change_message": "new through import_export"
    }
},
{
    "model": "admin.logentry",
    "pk": 119,
    "fields": {
        "action_time": "2020-04-29T01:39:29.652Z",
        "user": 1,
        "content_type": 11,
        "object_id": "44",
        "object_repr": "\u0995\u09c1\u09ae\u09bf\u09b2\u09cd\u09b2\u09be",
        "action_flag": 1,
        "change_message": "new through import_export"
    }
},
{
    "model": "admin.logentry",
    "pk": 120,
    "fields": {
        "action_time": "2020-04-29T01:39:29.746Z",
        "user": 1,
        "content_type": 11,
        "object_id": "45",
        "object_repr": "\u0995\u0995\u09cd\u09b8\u09ac\u09be\u099c\u09be\u09b0",
        "action_flag": 1,
        "change_message": "new through import_export"
    }
},
{
    "model": "admin.logentry",
    "pk": 121,
    "fields": {
        "action_time": "2020-04-29T01:39:29.843Z",
        "user": 1,
        "content_type": 11,
        "object_id": "46",
        "object_repr": "\u09a8\u09cb\u09af\u09bc\u09be\u0996\u09be\u09b2\u09c0",
        "action_flag": 1,
        "change_message": "new through import_export"
    }
},
{
    "model": "admin.logentry",
    "pk": 122,
    "fields": {
        "action_time": "2020-04-29T01:39:29.904Z",
        "user": 1,
        "content_type": 11,
        "object_id": "47",
        "object_repr": "\u09ac\u09cd\u09b0\u09be\u09b9\u09cd\u09ae\u09a3\u09ac\u09be\u09a1\u09bc\u09bf\u09af\u09bc\u09be",
        "action_flag": 1,
        "change_message": "new through import_export"
    }
},
{
    "model": "admin.logentry",
    "pk": 123,
    "fields": {
        "action_time": "2020-04-29T01:39:29.955Z",
        "user": 1,
        "content_type": 11,
        "object_id": "48",
        "object_repr": "\u099a\u09be\u0981\u09a6\u09aa\u09c1\u09b0",
        "action_flag": 1,
        "change_message": "new through import_export"
    }
},
{
    "model": "admin.logentry",
    "pk": 124,
    "fields": {
        "action_time": "2020-04-29T01:39:30.008Z",
        "user": 1,
        "content_type": 11,
        "object_id": "49",
        "object_repr": "\u09b2\u0995\u09cd\u09b7\u09cd\u09ae\u09c0\u09aa\u09c1\u09b0",
        "action_flag": 1,
        "change_message": "new through import_export"
    }
},
{
    "model": "admin.logentry",
    "pk": 125,
    "fields": {
        "action_time": "2020-04-29T01:39:30.060Z",
        "user": 1,
        "content_type": 11,
        "object_id": "50",
        "object_repr": "\u09ab\u09c7\u09a8\u09c0",
        "action_flag": 1,
        "change_message": "new through import_export"
    }
},
{
    "model": "admin.logentry",
    "pk": 126,
    "fields": {
        "action_time": "2020-04-29T01:39:30.112Z",
        "user": 1,
        "content_type": 11,
        "object_id": "51",
        "object_repr": "\u0996\u09be\u0997\u09a1\u09bc\u09be\u099b\u09a1\u09bc\u09bf",
        "action_flag": 1,
        "change_message": "new through import_export"
    }
},
{
    "model": "admin.logentry",
    "pk": 127,
    "fields": {
        "action_time": "2020-04-29T01:39:30.189Z",
        "user": 1,
        "content_type": 11,
        "object_id": "52",
        "object_repr": "\u09b0\u09be\u0999\u09cd\u0997\u09be\u09ae\u09be\u099f\u09bf",
        "action_flag": 1,
        "change_message": "new through import_export"
    }
},
{
    "model": "admin.logentry",
    "pk": 128,
    "fields": {
        "action_time": "2020-04-29T01:39:30.269Z",
        "user": 1,
        "content_type": 11,
        "object_id": "53",
        "object_repr": "\u09ac\u09be\u09a8\u09cd\u09a6\u09b0\u09ac\u09be\u09a8",
        "action_flag": 1,
        "change_message": "new through import_export"
    }
},
{
    "model": "admin.logentry",
    "pk": 129,
    "fields": {
        "action_time": "2020-04-29T01:39:30.320Z",
        "user": 1,
        "content_type": 11,
        "object_id": "54",
        "object_repr": "\u09a6\u09bf\u09a8\u09be\u099c\u09aa\u09c1\u09b0",
        "action_flag": 1,
        "change_message": "new through import_export"
    }
},
{
    "model": "admin.logentry",
    "pk": 130,
    "fields": {
        "action_time": "2020-04-29T01:39:30.374Z",
        "user": 1,
        "content_type": 11,
        "object_id": "55",
        "object_repr": "\u09a8\u09c0\u09b2\u09ab\u09be\u09ae\u09be\u09b0\u09c0 ",
        "action_flag": 1,
        "change_message": "new through import_export"
    }
},
{
    "model": "admin.logentry",
    "pk": 131,
    "fields": {
        "action_time": "2020-04-29T01:39:30.475Z",
        "user": 1,
        "content_type": 11,
        "object_id": "56",
        "object_repr": "\u0997\u09be\u0987\u09ac\u09be\u09a8\u09cd\u09a7\u09be ",
        "action_flag": 1,
        "change_message": "new through import_export"
    }
},
{
    "model": "admin.logentry",
    "pk": 132,
    "fields": {
        "action_time": "2020-04-29T01:39:30.526Z",
        "user": 1,
        "content_type": 11,
        "object_id": "57",
        "object_repr": "\u09b2\u09be\u09b2\u09ae\u09a8\u09bf\u09b0\u09b9\u09be\u099f",
        "action_flag": 1,
        "change_message": "new through import_export"
    }
},
{
    "model": "admin.logentry",
    "pk": 133,
    "fields": {
        "action_time": "2020-04-29T01:39:30.578Z",
        "user": 1,
        "content_type": 11,
        "object_id": "58",
        "object_repr": "\u09a0\u09be\u0995\u09c1\u09b0\u0997\u09be\u0993",
        "action_flag": 1,
        "change_message": "new through import_export"
    }
},
{
    "model": "admin.logentry",
    "pk": 134,
    "fields": {
        "action_time": "2020-04-29T01:39:30.649Z",
        "user": 1,
        "content_type": 11,
        "object_id": "59",
        "object_repr": " \u0995\u09c1\u09dc\u09bf\u0997\u09cd\u09b0\u09be\u09ae",
        "action_flag": 1,
        "change_message": "new through import_export"
    }
},
{
    "model": "admin.logentry",
    "pk": 135,
    "fields": {
        "action_time": "2020-04-29T01:39:30.761Z",
        "user": 1,
        "content_type": 11,
        "object_id": "60",
        "object_repr": "\u09aa\u099e\u09cd\u099a\u0997\u09dc",
        "action_flag": 1,
        "change_message": "new through import_export"
    }
},
{
    "model": "admin.logentry",
    "pk": 136,
    "fields": {
        "action_time": "2020-04-29T01:39:30.823Z",
        "user": 1,
        "content_type": 11,
        "object_id": "61",
        "object_repr": " \u09b0\u0982\u09aa\u09c1\u09b0",
        "action_flag": 1,
        "change_message": "new through import_export"
    }
},
{
    "model": "admin.logentry",
    "pk": 137,
    "fields": {
        "action_time": "2020-04-29T01:39:30.877Z",
        "user": 1,
        "content_type": 11,
        "object_id": "62",
        "object_repr": "\u0995\u09c1\u09b7\u09cd\u099f\u09bf\u09af\u09bc\u09be ",
        "action_flag": 1,
        "change_message": "new through import_export"
    }
},
{
    "model": "admin.logentry",
    "pk": 138,
    "fields": {
        "action_time": "2020-04-29T01:39:30.958Z",
        "user": 1,
        "content_type": 11,
        "object_id": "63",
        "object_repr": "\u0996\u09c1\u09b2\u09a8\u09be ",
        "action_flag": 1,
        "change_message": "new through import_export"
    }
},
{
    "model": "admin.logentry",
    "pk": 139,
    "fields": {
        "action_time": "2020-04-29T01:39:31.037Z",
        "user": 1,
        "content_type": 11,
        "object_id": "64",
        "object_repr": "\u099a\u09c1\u09af\u09bc\u09be\u09a1\u09be\u0999\u09cd\u0997\u09be ",
        "action_flag": 1,
        "change_message": "new through import_export"
    }
},
{
    "model": "admin.logentry",
    "pk": 140,
    "fields": {
        "action_time": "2020-04-29T01:39:31.105Z",
        "user": 1,
        "content_type": 11,
        "object_id": "65",
        "object_repr": "\u099d\u09bf\u09a8\u09be\u0987\u09a6\u09b9 ",
        "action_flag": 1,
        "change_message": "new through import_export"
    }
},
{
    "model": "admin.logentry",
    "pk": 141,
    "fields": {
        "action_time": "2020-04-29T01:39:31.160Z",
        "user": 1,
        "content_type": 11,
        "object_id": "66",
        "object_repr": "\u09a8\u09a1\u09bc\u09be\u0987\u09b2 ",
        "action_flag": 1,
        "change_message": "new through import_export"
    }
},
{
    "model": "admin.logentry",
    "pk": 142,
    "fields": {
        "action_time": "2020-04-29T01:39:31.266Z",
        "user": 1,
        "content_type": 11,
        "object_id": "67",
        "object_repr": "\u09ac\u09be\u0997\u09c7\u09b0\u09b9\u09be\u099f ",
        "action_flag": 1,
        "change_message": "new through import_export"
    }
},
{
    "model": "admin.logentry",
    "pk": 143,
    "fields": {
        "action_time": "2020-04-29T01:39:31.393Z",
        "user": 1,
        "content_type": 11,
        "object_id": "68",
        "object_repr": "\u09ae\u09be\u0997\u09c1\u09b0\u09be ",
        "action_flag": 1,
        "change_message": "new through import_export"
    }
},
{
    "model": "admin.logentry",
    "pk": 144,
    "fields": {
        "action_time": "2020-04-29T01:39:31.484Z",
        "user": 1,
        "content_type": 11,
        "object_id": "69",
        "object_repr": "\u09ae\u09c7\u09b9\u09c7\u09b0\u09aa\u09c1\u09b0 ",
        "action_flag": 1,
        "change_message": "new through import_export"
    }
},
{
    "model": "admin.logentry",
    "pk": 145,
    "fields": {
        "action_time": "2020-04-29T01:39:31.541Z",
        "user": 1,
        "content_type": 11,
        "object_id": "70",
        "object_repr": "\u09af\u09b6\u09cb\u09b0 ",
        "action_flag": 1,
        "change_message": "new through import_export"
    }
},
{
    "model": "admin.logentry",
    "pk": 146,
    "fields": {
        "action_time": "2020-04-29T01:39:31.610Z",
        "user": 1,
        "content_type": 11,
        "object_id": "71",
        "object_repr": "\u09b8\u09be\u09a4\u0995\u09cd\u09b7\u09c0\u09b0\u09be ",
        "action_flag": 1,
        "change_message": "new through import_export"
    }
},
{
    "model": "admin.logentry",
    "pk": 147,
    "fields": {
        "action_time": "2020-04-29T01:40:30.189Z",
        "user": 1,
        "content_type": 9,
        "object_id": "26",
        "object_repr": "\u09b0\u09be\u099c\u09b6\u09be\u09b9\u09bf",
        "action_flag": 1,
        "change_message": "[{\"added\": {}}]"
    }
},
{
    "model": "admin.logentry",
    "pk": 148,
    "fields": {
        "action_time": "2020-04-29T01:41:56.961Z",
        "user": 1,
        "content_type": 9,
        "object_id": "26",
        "object_repr": "\u09b0\u09be\u099c\u09b6\u09be\u09b9\u09c0",
        "action_flag": 2,
        "change_message": "[{\"changed\": {\"fields\": [\"Name\"]}}]"
    }
},
{
    "model": "admin.logentry",
    "pk": 149,
    "fields": {
        "action_time": "2020-04-29T01:54:50.895Z",
        "user": 1,
        "content_type": 11,
        "object_id": "72",
        "object_repr": "\u09b0\u09be\u099c\u09b6\u09be\u09b9\u09c0",
        "action_flag": 1,
        "change_message": "[{\"added\": {}}]"
    }
},
{
    "model": "admin.logentry",
    "pk": 150,
    "fields": {
        "action_time": "2020-04-29T01:55:16.807Z",
        "user": 1,
        "content_type": 11,
        "object_id": "73",
        "object_repr": "\u09a8\u09be\u099f\u09cb\u09b0",
        "action_flag": 1,
        "change_message": "[{\"added\": {}}]"
    }
},
{
    "model": "admin.logentry",
    "pk": 151,
    "fields": {
        "action_time": "2020-04-29T01:55:34.121Z",
        "user": 1,
        "content_type": 11,
        "object_id": "74",
        "object_repr": "\u09a8\u0993\u0997\u09be\u0981",
        "action_flag": 1,
        "change_message": "[{\"added\": {}}]"
    }
},
{
    "model": "admin.logentry",
    "pk": 152,
    "fields": {
        "action_time": "2020-04-29T01:55:53.285Z",
        "user": 1,
        "content_type": 11,
        "object_id": "75",
        "object_repr": "\u099a\u09be\u0981\u09aa\u09be\u0987\u09a8\u09ac\u09be\u09ac\u0997\u099e\u09cd\u099c",
        "action_flag": 1,
        "change_message": "[{\"added\": {}}]"
    }
},
{
    "model": "admin.logentry",
    "pk": 153,
    "fields": {
        "action_time": "2020-04-29T01:56:10.657Z",
        "user": 1,
        "content_type": 11,
        "object_id": "76",
        "object_repr": "\u09ac\u0997\u09c1\u09a1\u09bc\u09be",
        "action_flag": 1,
        "change_message": "[{\"added\": {}}]"
    }
},
{
    "model": "admin.logentry",
    "pk": 154,
    "fields": {
        "action_time": "2020-04-29T01:56:23.902Z",
        "user": 1,
        "content_type": 11,
        "object_id": "77",
        "object_repr": "\u099c\u09af\u09bc\u09aa\u09c1\u09b0\u09b9\u09be\u099f",
        "action_flag": 1,
        "change_message": "[{\"added\": {}}]"
    }
},
{
    "model": "admin.logentry",
    "pk": 155,
    "fields": {
        "action_time": "2020-04-29T01:56:40.970Z",
        "user": 1,
        "content_type": 11,
        "object_id": "78",
        "object_repr": "\u09aa\u09be\u09ac\u09a8\u09be",
        "action_flag": 1,
        "change_message": "[{\"added\": {}}]"
    }
},
{
    "model": "admin.logentry",
    "pk": 156,
    "fields": {
        "action_time": "2020-04-29T01:56:58.748Z",
        "user": 1,
        "content_type": 11,
        "object_id": "79",
        "object_repr": "\u09b8\u09bf\u09b0\u09be\u099c\u0997\u099e\u09cd\u099c",
        "action_flag": 1,
        "change_message": "[{\"added\": {}}]"
    }
},
{
    "model": "admin.logentry",
    "pk": 157,
    "fields": {
        "action_time": "2020-04-29T02:16:14.325Z",
        "user": 1,
        "content_type": 14,
        "object_id": "3",
        "object_repr": "\u0986\u09a6\u09be\u09ac\u09b0",
        "action_flag": 1,
        "change_message": "new through import_export"
    }
},
{
    "model": "admin.logentry",
    "pk": 158,
    "fields": {
        "action_time": "2020-04-29T02:16:14.338Z",
        "user": 1,
        "content_type": 14,
        "object_id": "4",
        "object_repr": "\u098f\u09df\u09be\u09b0\u09aa\u09cb\u09b0\u09cd\u099f",
        "action_flag": 1,
        "change_message": "new through import_export"
    }
},
{
    "model": "admin.logentry",
    "pk": 159,
    "fields": {
        "action_time": "2020-04-29T02:16:14.349Z",
        "user": 1,
        "content_type": 14,
        "object_id": "5",
        "object_repr": "\u09ac\u09be\u09a1\u09cd\u09a1\u09be",
        "action_flag": 1,
        "change_message": "new through import_export"
    }
},
{
    "model": "admin.logentry",
    "pk": 160,
    "fields": {
        "action_time": "2020-04-29T02:16:14.360Z",
        "user": 1,
        "content_type": 14,
        "object_id": "6",
        "object_repr": "\u09ac\u09a8\u09be\u09a8\u09bf",
        "action_flag": 1,
        "change_message": "new through import_export"
    }
},
{
    "model": "admin.logentry",
    "pk": 161,
    "fields": {
        "action_time": "2020-04-29T02:16:14.373Z",
        "user": 1,
        "content_type": 14,
        "object_id": "7",
        "object_repr": "\u09ac\u0982\u09b6\u09be\u09b2",
        "action_flag": 1,
        "change_message": "new through import_export"
    }
},
{
    "model": "admin.logentry",
    "pk": 162,
    "fields": {
        "action_time": "2020-04-29T02:16:14.389Z",
        "user": 1,
        "content_type": 14,
        "object_id": "8",
        "object_repr": "\u09ad\u09be\u09b6\u09be\u09a8\u099f\u09c7\u0995",
        "action_flag": 1,
        "change_message": "new through import_export"
    }
},
{
    "model": "admin.logentry",
    "pk": 163,
    "fields": {
        "action_time": "2020-04-29T02:16:14.414Z",
        "user": 1,
        "content_type": 14,
        "object_id": "9",
        "object_repr": "\u0995\u09cd\u09af\u09be\u09a8\u099f\u09a8\u09ae\u09c7\u09a8\u099f",
        "action_flag": 1,
        "change_message": "new through import_export"
    }
},
{
    "model": "admin.logentry",
    "pk": 164,
    "fields": {
        "action_time": "2020-04-29T02:16:14.434Z",
        "user": 1,
        "content_type": 14,
        "object_id": "10",
        "object_repr": "\u099a\u0995\u09ac\u09be\u099c\u09be\u09b0",
        "action_flag": 1,
        "change_message": "new through import_export"
    }
},
{
    "model": "admin.logentry",
    "pk": 165,
    "fields": {
        "action_time": "2020-04-29T02:16:14.456Z",
        "user": 1,
        "content_type": 14,
        "object_id": "11",
        "object_repr": "\u09a6\u09be\u09b0\u09c1\u09b8\u09b8\u09be\u09b2\u09be\u09ae",
        "action_flag": 1,
        "change_message": "new through import_export"
    }
},
{
    "model": "admin.logentry",
    "pk": 166,
    "fields": {
        "action_time": "2020-04-29T02:16:14.473Z",
        "user": 1,
        "content_type": 14,
        "object_id": "12",
        "object_repr": "\u09a6\u0995\u09cd\u09b7\u09bf\u09a3\u0996\u09be\u09a8",
        "action_flag": 1,
        "change_message": "new through import_export"
    }
},
{
    "model": "admin.logentry",
    "pk": 167,
    "fields": {
        "action_time": "2020-04-29T02:16:14.787Z",
        "user": 1,
        "content_type": 14,
        "object_id": "13",
        "object_repr": "\u09a1\u09c7\u09ae\u09b0\u09be",
        "action_flag": 1,
        "change_message": "new through import_export"
    }
},
{
    "model": "admin.logentry",
    "pk": 168,
    "fields": {
        "action_time": "2020-04-29T02:16:14.812Z",
        "user": 1,
        "content_type": 14,
        "object_id": "14",
        "object_repr": "\u09a7\u09be\u09ae\u09b0\u09be\u0987",
        "action_flag": 1,
        "change_message": "new through import_export"
    }
},
{
    "model": "admin.logentry",
    "pk": 169,
    "fields": {
        "action_time": "2020-04-29T02:16:14.832Z",
        "user": 1,
        "content_type": 14,
        "object_id": "15",
        "object_repr": "\u09a7\u09be\u09a8\u09ae\u09a3\u09cd\u09a1\u09bf",
        "action_flag": 1,
        "change_message": "new through import_export"
    }
},
{
    "model": "admin.logentry",
    "pk": 170,
    "fields": {
        "action_time": "2020-04-29T02:16:14.843Z",
        "user": 1,
        "content_type": 14,
        "object_id": "16",
        "object_repr": "\u09a6\u09cb\u09b9\u09be\u09b0",
        "action_flag": 1,
        "change_message": "new through import_export"
    }
},
{
    "model": "admin.logentry",
    "pk": 171,
    "fields": {
        "action_time": "2020-04-29T02:16:14.858Z",
        "user": 1,
        "content_type": 14,
        "object_id": "17",
        "object_repr": "\u0997\u09c7\u09a3\u09cd\u09a1\u09be\u09b0\u09bf\u09df\u09be",
        "action_flag": 1,
        "change_message": "new through import_export"
    }
},
{
    "model": "admin.logentry",
    "pk": 172,
    "fields": {
        "action_time": "2020-04-29T02:16:14.870Z",
        "user": 1,
        "content_type": 14,
        "object_id": "18",
        "object_repr": "\u0997\u09c1\u09b2\u09b6\u09be\u09a8",
        "action_flag": 1,
        "change_message": "new through import_export"
    }
},
{
    "model": "admin.logentry",
    "pk": 173,
    "fields": {
        "action_time": "2020-04-29T02:16:14.883Z",
        "user": 1,
        "content_type": 14,
        "object_id": "19",
        "object_repr": "\u09b9\u09be\u099c\u09be\u09b0\u09bf\u09ac\u09be\u0997",
        "action_flag": 1,
        "change_message": "new through import_export"
    }
},
{
    "model": "admin.logentry",
    "pk": 174,
    "fields": {
        "action_time": "2020-04-29T02:16:14.895Z",
        "user": 1,
        "content_type": 14,
        "object_id": "20",
        "object_repr": "\u09af\u09be\u09a4\u09cd\u09b0\u09be\u09ac\u09be\u09dc\u09bf",
        "action_flag": 1,
        "change_message": "new through import_export"
    }
},
{
    "model": "admin.logentry",
    "pk": 175,
    "fields": {
        "action_time": "2020-04-29T02:16:14.908Z",
        "user": 1,
        "content_type": 14,
        "object_id": "21",
        "object_repr": "\u0995\u09be\u09ab\u09b0\u09c1\u09b2",
        "action_flag": 1,
        "change_message": "new through import_export"
    }
},
{
    "model": "admin.logentry",
    "pk": 176,
    "fields": {
        "action_time": "2020-04-29T02:16:14.925Z",
        "user": 1,
        "content_type": 14,
        "object_id": "22",
        "object_repr": "\u0995\u09b2\u09be\u09ac\u09be\u0997\u09be\u09a8",
        "action_flag": 1,
        "change_message": "new through import_export"
    }
},
{
    "model": "admin.logentry",
    "pk": 177,
    "fields": {
        "action_time": "2020-04-29T02:16:14.937Z",
        "user": 1,
        "content_type": 14,
        "object_id": "23",
        "object_repr": "\u0995\u09be\u09ae\u09cd\u09b0\u09be\u0999\u09cd\u0997\u09bf\u09b0 \u099a\u09b0",
        "action_flag": 1,
        "change_message": "new through import_export"
    }
},
{
    "model": "admin.logentry",
    "pk": 178,
    "fields": {
        "action_time": "2020-04-29T02:16:14.955Z",
        "user": 1,
        "content_type": 14,
        "object_id": "24",
        "object_repr": "\u0995\u09c7\u09b0\u09be\u09a8\u09bf\u0997\u099e\u09cd\u099c",
        "action_flag": 1,
        "change_message": "new through import_export"
    }
},
{
    "model": "admin.logentry",
    "pk": 179,
    "fields": {
        "action_time": "2020-04-29T02:16:15.015Z",
        "user": 1,
        "content_type": 14,
        "object_id": "25",
        "object_repr": "\u0996\u09bf\u09b2\u0997\u09be\u0981\u0993",
        "action_flag": 1,
        "change_message": "new through import_export"
    }
},
{
    "model": "admin.logentry",
    "pk": 180,
    "fields": {
        "action_time": "2020-04-29T02:16:15.027Z",
        "user": 1,
        "content_type": 14,
        "object_id": "26",
        "object_repr": "\u0996\u09bf\u09b2\u0996\u09c7\u09a4",
        "action_flag": 1,
        "change_message": "new through import_export"
    }
},
{
    "model": "admin.logentry",
    "pk": 181,
    "fields": {
        "action_time": "2020-04-29T02:16:15.039Z",
        "user": 1,
        "content_type": 14,
        "object_id": "27",
        "object_repr": "\u0995\u09cb\u09a4\u0993\u09df\u09be\u09b2\u09bf",
        "action_flag": 1,
        "change_message": "new through import_export"
    }
},
{
    "model": "admin.logentry",
    "pk": 182,
    "fields": {
        "action_time": "2020-04-29T02:16:15.051Z",
        "user": 1,
        "content_type": 14,
        "object_id": "28",
        "object_repr": "\u09b2\u09be\u09b2\u09ac\u09be\u0997",
        "action_flag": 1,
        "change_message": "new through import_export"
    }
},
{
    "model": "admin.logentry",
    "pk": 183,
    "fields": {
        "action_time": "2020-04-29T02:16:15.066Z",
        "user": 1,
        "content_type": 14,
        "object_id": "29",
        "object_repr": "\u09ae\u09bf\u09b0\u09aa\u09c1\u09b0 \u09ae\u09a1\u09c7\u09b2",
        "action_flag": 1,
        "change_message": "new through import_export"
    }
},
{
    "model": "admin.logentry",
    "pk": 184,
    "fields": {
        "action_time": "2020-04-29T02:16:15.089Z",
        "user": 1,
        "content_type": 14,
        "object_id": "30",
        "object_repr": "\u09ae\u09cb\u09b9\u09be\u09ae\u09cd\u09ae\u09be\u09a6\u09aa\u09c1\u09b0",
        "action_flag": 1,
        "change_message": "new through import_export"
    }
},
{
    "model": "admin.logentry",
    "pk": 185,
    "fields": {
        "action_time": "2020-04-29T02:16:15.105Z",
        "user": 1,
        "content_type": 14,
        "object_id": "31",
        "object_repr": "\u09ae\u09a4\u09bf\u099d\u09bf\u09b2",
        "action_flag": 1,
        "change_message": "new through import_export"
    }
},
{
    "model": "admin.logentry",
    "pk": 186,
    "fields": {
        "action_time": "2020-04-29T02:16:15.117Z",
        "user": 1,
        "content_type": 14,
        "object_id": "32",
        "object_repr": "\u09ae\u09c1\u0997\u09a6\u09be",
        "action_flag": 1,
        "change_message": "new through import_export"
    }
},
{
    "model": "admin.logentry",
    "pk": 187,
    "fields": {
        "action_time": "2020-04-29T02:16:15.133Z",
        "user": 1,
        "content_type": 14,
        "object_id": "33",
        "object_repr": "\u09a8\u09be\u0993\u09be\u09ac\u0997\u099e\u09cd\u099c",
        "action_flag": 1,
        "change_message": "new through import_export"
    }
},
{
    "model": "admin.logentry",
    "pk": 188,
    "fields": {
        "action_time": "2020-04-29T02:16:15.147Z",
        "user": 1,
        "content_type": 14,
        "object_id": "34",
        "object_repr": "\u09a8\u09bf\u0989 \u09ae\u09be\u09b0\u09cd\u0995\u09c7\u099f",
        "action_flag": 1,
        "change_message": "new through import_export"
    }
},
{
    "model": "admin.logentry",
    "pk": 189,
    "fields": {
        "action_time": "2020-04-29T02:16:15.174Z",
        "user": 1,
        "content_type": 14,
        "object_id": "35",
        "object_repr": "\u09aa\u09b2\u09cd\u09b2\u09ac\u09bf",
        "action_flag": 1,
        "change_message": "new through import_export"
    }
},
{
    "model": "admin.logentry",
    "pk": 190,
    "fields": {
        "action_time": "2020-04-29T02:16:15.186Z",
        "user": 1,
        "content_type": 14,
        "object_id": "36",
        "object_repr": "\u09aa\u09b2\u09cd\u099f\u09a8",
        "action_flag": 1,
        "change_message": "new through import_export"
    }
},
{
    "model": "admin.logentry",
    "pk": 191,
    "fields": {
        "action_time": "2020-04-29T02:16:15.197Z",
        "user": 1,
        "content_type": 14,
        "object_id": "37",
        "object_repr": "\u09b0\u09ae\u09a8\u09be",
        "action_flag": 1,
        "change_message": "new through import_export"
    }
},
{
    "model": "admin.logentry",
    "pk": 192,
    "fields": {
        "action_time": "2020-04-29T02:16:15.210Z",
        "user": 1,
        "content_type": 14,
        "object_id": "38",
        "object_repr": "\u09b0\u09be\u09ae\u09aa\u09c1\u09b0\u09be",
        "action_flag": 1,
        "change_message": "new through import_export"
    }
},
{
    "model": "admin.logentry",
    "pk": 193,
    "fields": {
        "action_time": "2020-04-29T02:16:15.221Z",
        "user": 1,
        "content_type": 14,
        "object_id": "39",
        "object_repr": "\u09b0\u09c2\u09aa\u09a8\u0997\u09b0",
        "action_flag": 1,
        "change_message": "new through import_export"
    }
},
{
    "model": "admin.logentry",
    "pk": 194,
    "fields": {
        "action_time": "2020-04-29T02:16:15.234Z",
        "user": 1,
        "content_type": 14,
        "object_id": "40",
        "object_repr": "\u09b8\u09ac\u09c1\u099c\u09ac\u09be\u0997",
        "action_flag": 1,
        "change_message": "new through import_export"
    }
},
{
    "model": "admin.logentry",
    "pk": 195,
    "fields": {
        "action_time": "2020-04-29T02:16:15.246Z",
        "user": 1,
        "content_type": 14,
        "object_id": "41",
        "object_repr": "\u09b8\u09be\u09ad\u09be\u09b0",
        "action_flag": 1,
        "change_message": "new through import_export"
    }
},
{
    "model": "admin.logentry",
    "pk": 196,
    "fields": {
        "action_time": "2020-04-29T02:16:15.257Z",
        "user": 1,
        "content_type": 14,
        "object_id": "42",
        "object_repr": "\u09b6\u09be\u09b9\u09cd \u0986\u09b2\u09bf",
        "action_flag": 1,
        "change_message": "new through import_export"
    }
},
{
    "model": "admin.logentry",
    "pk": 197,
    "fields": {
        "action_time": "2020-04-29T02:16:15.268Z",
        "user": 1,
        "content_type": 14,
        "object_id": "43",
        "object_repr": "\u09b6\u09be\u09b9\u09ac\u09be\u0997",
        "action_flag": 1,
        "change_message": "new through import_export"
    }
},
{
    "model": "admin.logentry",
    "pk": 198,
    "fields": {
        "action_time": "2020-04-29T02:16:15.281Z",
        "user": 1,
        "content_type": 14,
        "object_id": "44",
        "object_repr": "\u09b6\u09be\u09b9\u099c\u09be\u09b9\u09be\u09a8\u09aa\u09c1\u09b0",
        "action_flag": 1,
        "change_message": "new through import_export"
    }
},
{
    "model": "admin.logentry",
    "pk": 199,
    "fields": {
        "action_time": "2020-04-29T02:16:15.292Z",
        "user": 1,
        "content_type": 14,
        "object_id": "45",
        "object_repr": "\u09b6\u09c7\u09b0\u09c7\u09ac\u09be\u0982\u09b2\u09be\u09a8\u0997\u09b0",
        "action_flag": 1,
        "change_message": "new through import_export"
    }
},
{
    "model": "admin.logentry",
    "pk": 200,
    "fields": {
        "action_time": "2020-04-29T02:16:15.306Z",
        "user": 1,
        "content_type": 14,
        "object_id": "46",
        "object_repr": "\u09b6\u09cd\u09af\u09be\u09ae\u09aa\u09c1\u09b0",
        "action_flag": 1,
        "change_message": "new through import_export"
    }
},
{
    "model": "admin.logentry",
    "pk": 201,
    "fields": {
        "action_time": "2020-04-29T02:16:15.317Z",
        "user": 1,
        "content_type": 14,
        "object_id": "47",
        "object_repr": "\u09b8\u09c1\u09a4\u09cd\u09b0\u09be\u09aa\u09c1\u09b0",
        "action_flag": 1,
        "change_message": "new through import_export"
    }
},
{
    "model": "admin.logentry",
    "pk": 202,
    "fields": {
        "action_time": "2020-04-29T02:16:15.327Z",
        "user": 1,
        "content_type": 14,
        "object_id": "48",
        "object_repr": "\u09a4\u09c7\u099c\u0997\u09be\u0981",
        "action_flag": 1,
        "change_message": "new through import_export"
    }
},
{
    "model": "admin.logentry",
    "pk": 203,
    "fields": {
        "action_time": "2020-04-29T02:16:15.338Z",
        "user": 1,
        "content_type": 14,
        "object_id": "49",
        "object_repr": "\u09a4\u09c7\u099c\u0997\u09be\u0981",
        "action_flag": 1,
        "change_message": "new through import_export"
    }
},
{
    "model": "admin.logentry",
    "pk": 204,
    "fields": {
        "action_time": "2020-04-29T02:16:15.350Z",
        "user": 1,
        "content_type": 14,
        "object_id": "50",
        "object_repr": "\u09a4\u09c1\u09b0\u09be\u0997",
        "action_flag": 1,
        "change_message": "new through import_export"
    }
},
{
    "model": "admin.logentry",
    "pk": 205,
    "fields": {
        "action_time": "2020-04-29T02:16:15.361Z",
        "user": 1,
        "content_type": 14,
        "object_id": "51",
        "object_repr": "\u0989\u09a4\u09cd\u09a4\u09b0\u09be",
        "action_flag": 1,
        "change_message": "new through import_export"
    }
},
{
    "model": "admin.logentry",
    "pk": 206,
    "fields": {
        "action_time": "2020-04-29T02:16:15.371Z",
        "user": 1,
        "content_type": 14,
        "object_id": "52",
        "object_repr": "\u0989\u09a4\u09cd\u09a4\u09b0\u09be \u09aa\u09b6\u09cd\u099a\u09bf\u09ae",
        "action_flag": 1,
        "change_message": "new through import_export"
    }
},
{
    "model": "admin.logentry",
    "pk": 207,
    "fields": {
        "action_time": "2020-04-29T02:16:15.391Z",
        "user": 1,
        "content_type": 14,
        "object_id": "53",
        "object_repr": "\u0989\u09a4\u09cd\u09a4\u09b0 \u0996\u09be\u09a8",
        "action_flag": 1,
        "change_message": "new through import_export"
    }
},
{
    "model": "admin.logentry",
    "pk": 208,
    "fields": {
        "action_time": "2020-04-29T02:16:15.415Z",
        "user": 1,
        "content_type": 14,
        "object_id": "54",
        "object_repr": "\u09ad\u09be\u09a4\u09be\u09b0\u09be",
        "action_flag": 1,
        "change_message": "new through import_export"
    }
},
{
    "model": "admin.logentry",
    "pk": 209,
    "fields": {
        "action_time": "2020-04-29T02:16:15.429Z",
        "user": 1,
        "content_type": 14,
        "object_id": "55",
        "object_repr": "\u0993\u09df\u09be\u09b0\u09c0",
        "action_flag": 1,
        "change_message": "new through import_export"
    }
},
{
    "model": "admin.logentry",
    "pk": 210,
    "fields": {
        "action_time": "2020-04-29T02:16:15.442Z",
        "user": 1,
        "content_type": 14,
        "object_id": "56",
        "object_repr": "\u09ab\u09b0\u09bf\u09a6\u09aa\u09c1\u09b0 \u09b8\u09a6\u09b0",
        "action_flag": 1,
        "change_message": "new through import_export"
    }
},
{
    "model": "admin.logentry",
    "pk": 211,
    "fields": {
        "action_time": "2020-04-29T02:16:15.453Z",
        "user": 1,
        "content_type": 14,
        "object_id": "57",
        "object_repr": "\u09ac\u09cb\u09df\u09be\u09b2\u09ae\u09be\u09b0\u09c0",
        "action_flag": 1,
        "change_message": "new through import_export"
    }
},
{
    "model": "admin.logentry",
    "pk": 212,
    "fields": {
        "action_time": "2020-04-29T02:16:15.464Z",
        "user": 1,
        "content_type": 14,
        "object_id": "58",
        "object_repr": "\u0986\u09b2\u09ab\u09be\u09a1\u09be\u0999\u09cd\u0997\u09be",
        "action_flag": 1,
        "change_message": "new through import_export"
    }
},
{
    "model": "admin.logentry",
    "pk": 213,
    "fields": {
        "action_time": "2020-04-29T02:16:15.475Z",
        "user": 1,
        "content_type": 14,
        "object_id": "59",
        "object_repr": "\u09ae\u09a7\u09c1\u0996\u09be\u09b2\u09bf",
        "action_flag": 1,
        "change_message": "new through import_export"
    }
},
{
    "model": "admin.logentry",
    "pk": 214,
    "fields": {
        "action_time": "2020-04-29T02:16:15.485Z",
        "user": 1,
        "content_type": 14,
        "object_id": "60",
        "object_repr": "\u09ad\u09be\u0999\u09cd\u0997\u09be",
        "action_flag": 1,
        "change_message": "new through import_export"
    }
},
{
    "model": "admin.logentry",
    "pk": 215,
    "fields": {
        "action_time": "2020-04-29T02:16:15.497Z",
        "user": 1,
        "content_type": 14,
        "object_id": "61",
        "object_repr": "\u09a8\u0997\u09b0\u0995\u09be\u09a8\u09cd\u09a1",
        "action_flag": 1,
        "change_message": "new through import_export"
    }
},
{
    "model": "admin.logentry",
    "pk": 216,
    "fields": {
        "action_time": "2020-04-29T02:16:15.507Z",
        "user": 1,
        "content_type": 14,
        "object_id": "62",
        "object_repr": "\u099a\u09b0\u09ad\u09a6\u09cd\u09b0\u09be\u09b8\u09a8",
        "action_flag": 1,
        "change_message": "new through import_export"
    }
},
{
    "model": "admin.logentry",
    "pk": 217,
    "fields": {
        "action_time": "2020-04-29T02:16:15.517Z",
        "user": 1,
        "content_type": 14,
        "object_id": "63",
        "object_repr": "\u09b8\u09a6\u09b0\u09aa\u09c1\u09b0",
        "action_flag": 1,
        "change_message": "new through import_export"
    }
},
{
    "model": "admin.logentry",
    "pk": 218,
    "fields": {
        "action_time": "2020-04-29T02:16:15.528Z",
        "user": 1,
        "content_type": 14,
        "object_id": "64",
        "object_repr": "\u09b6\u09be\u09b2\u09a5\u09be",
        "action_flag": 1,
        "change_message": "new through import_export"
    }
},
{
    "model": "admin.logentry",
    "pk": 219,
    "fields": {
        "action_time": "2020-04-29T02:16:15.538Z",
        "user": 1,
        "content_type": 14,
        "object_id": "65",
        "object_repr": "\u0997\u09be\u099c\u09c0\u09aa\u09c1\u09b0 \u09b8\u09a6\u09b0",
        "action_flag": 1,
        "change_message": "new through import_export"
    }
},
{
    "model": "admin.logentry",
    "pk": 220,
    "fields": {
        "action_time": "2020-04-29T02:16:15.550Z",
        "user": 1,
        "content_type": 14,
        "object_id": "66",
        "object_repr": "\u0995\u09be\u09b2\u09bf\u09df\u09be\u0995\u09c8\u09b0",
        "action_flag": 1,
        "change_message": "new through import_export"
    }
},
{
    "model": "admin.logentry",
    "pk": 221,
    "fields": {
        "action_time": "2020-04-29T02:16:15.558Z",
        "user": 1,
        "content_type": 14,
        "object_id": "67",
        "object_repr": "\u0995\u09be\u09aa\u09be\u09b8\u09bf\u09df\u09be",
        "action_flag": 1,
        "change_message": "new through import_export"
    }
},
{
    "model": "admin.logentry",
    "pk": 222,
    "fields": {
        "action_time": "2020-04-29T02:16:15.569Z",
        "user": 1,
        "content_type": 14,
        "object_id": "68",
        "object_repr": "\u09b6\u09cd\u09b0\u09c0\u09aa\u09c1\u09b0",
        "action_flag": 1,
        "change_message": "new through import_export"
    }
},
{
    "model": "admin.logentry",
    "pk": 223,
    "fields": {
        "action_time": "2020-04-29T02:16:15.579Z",
        "user": 1,
        "content_type": 14,
        "object_id": "69",
        "object_repr": "\u0995\u09be\u09b2\u09c0\u0997\u099e\u09cd\u099c",
        "action_flag": 1,
        "change_message": "new through import_export"
    }
},
{
    "model": "admin.logentry",
    "pk": 224,
    "fields": {
        "action_time": "2020-04-29T02:16:15.589Z",
        "user": 1,
        "content_type": 14,
        "object_id": "70",
        "object_repr": "\u099f\u0999\u09cd\u0997\u09bf",
        "action_flag": 1,
        "change_message": "new through import_export"
    }
},
{
    "model": "admin.logentry",
    "pk": 225,
    "fields": {
        "action_time": "2020-04-29T02:16:15.603Z",
        "user": 1,
        "content_type": 14,
        "object_id": "71",
        "object_repr": "\u0997\u09cb\u09aa\u09be\u09b2\u0997\u099e\u09cd\u099c \u09b8\u09a6\u09b0",
        "action_flag": 1,
        "change_message": "new through import_export"
    }
},
{
    "model": "admin.logentry",
    "pk": 226,
    "fields": {
        "action_time": "2020-04-29T02:16:15.614Z",
        "user": 1,
        "content_type": 14,
        "object_id": "72",
        "object_repr": "\u0995\u09be\u09b6\u09bf\u09df\u09be\u09a8\u09bf",
        "action_flag": 1,
        "change_message": "new through import_export"
    }
},
{
    "model": "admin.logentry",
    "pk": 227,
    "fields": {
        "action_time": "2020-04-29T02:16:15.626Z",
        "user": 1,
        "content_type": 14,
        "object_id": "73",
        "object_repr": "\u0995\u09cb\u099f\u09be\u09b2\u09bf\u09aa\u09be\u09dc\u09be",
        "action_flag": 1,
        "change_message": "new through import_export"
    }
},
{
    "model": "admin.logentry",
    "pk": 228,
    "fields": {
        "action_time": "2020-04-29T02:16:15.638Z",
        "user": 1,
        "content_type": 14,
        "object_id": "74",
        "object_repr": "\u09ae\u09c1\u0995\u09b8\u09c1\u09a6\u09aa\u09c1\u09b0",
        "action_flag": 1,
        "change_message": "new through import_export"
    }
},
{
    "model": "admin.logentry",
    "pk": 229,
    "fields": {
        "action_time": "2020-04-29T02:16:15.650Z",
        "user": 1,
        "content_type": 14,
        "object_id": "75",
        "object_repr": "\u099f\u09c1\u0999\u09cd\u0997\u09bf\u09aa\u09be\u09dc\u09be",
        "action_flag": 1,
        "change_message": "new through import_export"
    }
},
{
    "model": "admin.logentry",
    "pk": 230,
    "fields": {
        "action_time": "2020-04-29T02:16:15.662Z",
        "user": 1,
        "content_type": 14,
        "object_id": "76",
        "object_repr": "\u0985\u09b7\u09cd\u099f\u0997\u09cd\u09b0\u09be\u09ae",
        "action_flag": 1,
        "change_message": "new through import_export"
    }
},
{
    "model": "admin.logentry",
    "pk": 231,
    "fields": {
        "action_time": "2020-04-29T02:16:15.673Z",
        "user": 1,
        "content_type": 14,
        "object_id": "77",
        "object_repr": "\u09ac\u09be\u099c\u09bf\u09a4\u09aa\u09c1\u09b0",
        "action_flag": 1,
        "change_message": "new through import_export"
    }
},
{
    "model": "admin.logentry",
    "pk": 232,
    "fields": {
        "action_time": "2020-04-29T02:16:15.688Z",
        "user": 1,
        "content_type": 14,
        "object_id": "78",
        "object_repr": "\u09ad\u09c8\u09b0\u09ac",
        "action_flag": 1,
        "change_message": "new through import_export"
    }
},
{
    "model": "admin.logentry",
    "pk": 233,
    "fields": {
        "action_time": "2020-04-29T02:16:15.701Z",
        "user": 1,
        "content_type": 14,
        "object_id": "79",
        "object_repr": "\u09b9\u09cb\u09b8\u09c7\u09a8\u09aa\u09c1\u09b0",
        "action_flag": 1,
        "change_message": "new through import_export"
    }
},
{
    "model": "admin.logentry",
    "pk": 234,
    "fields": {
        "action_time": "2020-04-29T02:16:15.713Z",
        "user": 1,
        "content_type": 14,
        "object_id": "80",
        "object_repr": "\u0987\u099f\u09a8\u09be",
        "action_flag": 1,
        "change_message": "new through import_export"
    }
},
{
    "model": "admin.logentry",
    "pk": 235,
    "fields": {
        "action_time": "2020-04-29T02:16:15.723Z",
        "user": 1,
        "content_type": 14,
        "object_id": "81",
        "object_repr": "\u0995\u09b0\u09bf\u09ae\u0997\u099e\u09cd\u099c",
        "action_flag": 1,
        "change_message": "new through import_export"
    }
},
{
    "model": "admin.logentry",
    "pk": 236,
    "fields": {
        "action_time": "2020-04-29T02:16:15.734Z",
        "user": 1,
        "content_type": 14,
        "object_id": "82",
        "object_repr": "\u0995\u09a4\u09bf\u09df\u09be\u09a6\u09bf",
        "action_flag": 1,
        "change_message": "new through import_export"
    }
},
{
    "model": "admin.logentry",
    "pk": 237,
    "fields": {
        "action_time": "2020-04-29T02:16:15.743Z",
        "user": 1,
        "content_type": 14,
        "object_id": "83",
        "object_repr": "\u0995\u09bf\u09b6\u09cb\u09b0\u0997\u099e\u09cd\u099c \u09b8\u09a6\u09b0",
        "action_flag": 1,
        "change_message": "new through import_export"
    }
},
{
    "model": "admin.logentry",
    "pk": 238,
    "fields": {
        "action_time": "2020-04-29T02:16:15.755Z",
        "user": 1,
        "content_type": 14,
        "object_id": "84",
        "object_repr": "\u0995\u09c1\u09b2\u09bf\u09df\u09be\u09b0\u099a\u09b0",
        "action_flag": 1,
        "change_message": "new through import_export"
    }
},
{
    "model": "admin.logentry",
    "pk": 239,
    "fields": {
        "action_time": "2020-04-29T02:16:15.767Z",
        "user": 1,
        "content_type": 14,
        "object_id": "85",
        "object_repr": "\u09ae\u09bf\u09a0\u09be\u09ae\u09be\u0987\u09a8",
        "action_flag": 1,
        "change_message": "new through import_export"
    }
},
{
    "model": "admin.logentry",
    "pk": 240,
    "fields": {
        "action_time": "2020-04-29T02:16:15.777Z",
        "user": 1,
        "content_type": 14,
        "object_id": "86",
        "object_repr": "\u09a8\u09bf\u0995\u09b2\u09bf",
        "action_flag": 1,
        "change_message": "new through import_export"
    }
},
{
    "model": "admin.logentry",
    "pk": 241,
    "fields": {
        "action_time": "2020-04-29T02:16:15.787Z",
        "user": 1,
        "content_type": 14,
        "object_id": "87",
        "object_repr": "\u09aa\u09be\u0995\u09c1\u09a8\u09cd\u09a1\u09be",
        "action_flag": 1,
        "change_message": "new through import_export"
    }
},
{
    "model": "admin.logentry",
    "pk": 242,
    "fields": {
        "action_time": "2020-04-29T02:16:15.799Z",
        "user": 1,
        "content_type": 14,
        "object_id": "88",
        "object_repr": "\u09a4\u09be\u09dc\u09be\u0987\u09b2",
        "action_flag": 1,
        "change_message": "new through import_export"
    }
},
{
    "model": "admin.logentry",
    "pk": 243,
    "fields": {
        "action_time": "2020-04-29T02:16:15.811Z",
        "user": 1,
        "content_type": 14,
        "object_id": "89",
        "object_repr": "\u09ae\u09be\u09a6\u09be\u09b0\u09c0\u09aa\u09c1\u09b0 \u09b8\u09a6\u09b0",
        "action_flag": 1,
        "change_message": "new through import_export"
    }
},
{
    "model": "admin.logentry",
    "pk": 244,
    "fields": {
        "action_time": "2020-04-29T02:16:15.826Z",
        "user": 1,
        "content_type": 14,
        "object_id": "90",
        "object_repr": "\u0995\u09be\u09b2\u0995\u09bf\u09a8\u09bf",
        "action_flag": 1,
        "change_message": "new through import_export"
    }
},
{
    "model": "admin.logentry",
    "pk": 245,
    "fields": {
        "action_time": "2020-04-29T02:16:15.843Z",
        "user": 1,
        "content_type": 14,
        "object_id": "91",
        "object_repr": "\u09b0\u09be\u099c\u0987\u09b0",
        "action_flag": 1,
        "change_message": "new through import_export"
    }
},
{
    "model": "admin.logentry",
    "pk": 246,
    "fields": {
        "action_time": "2020-04-29T02:16:15.854Z",
        "user": 1,
        "content_type": 14,
        "object_id": "92",
        "object_repr": "\u09b6\u09bf\u09ac\u099a\u09b0",
        "action_flag": 1,
        "change_message": "new through import_export"
    }
},
{
    "model": "admin.logentry",
    "pk": 247,
    "fields": {
        "action_time": "2020-04-29T02:16:15.864Z",
        "user": 1,
        "content_type": 14,
        "object_id": "93",
        "object_repr": "\u09ae\u09be\u09a8\u09bf\u0995\u0997\u099e\u09cd\u099c \u09b8\u09a6\u09b0",
        "action_flag": 1,
        "change_message": "new through import_export"
    }
},
{
    "model": "admin.logentry",
    "pk": 248,
    "fields": {
        "action_time": "2020-04-29T02:16:15.878Z",
        "user": 1,
        "content_type": 14,
        "object_id": "94",
        "object_repr": "\u09b8\u09bf\u0999\u09cd\u0997\u09be\u0987\u09b0",
        "action_flag": 1,
        "change_message": "new through import_export"
    }
},
{
    "model": "admin.logentry",
    "pk": 249,
    "fields": {
        "action_time": "2020-04-29T02:16:15.889Z",
        "user": 1,
        "content_type": 14,
        "object_id": "95",
        "object_repr": "\u09b6\u09bf\u09ac\u09be\u09b2\u09df",
        "action_flag": 1,
        "change_message": "new through import_export"
    }
},
{
    "model": "admin.logentry",
    "pk": 250,
    "fields": {
        "action_time": "2020-04-29T02:16:15.908Z",
        "user": 1,
        "content_type": 14,
        "object_id": "96",
        "object_repr": "\u09b8\u09be\u09a0\u09c1\u09b0\u09bf\u09df\u09be",
        "action_flag": 1,
        "change_message": "new through import_export"
    }
},
{
    "model": "admin.logentry",
    "pk": 251,
    "fields": {
        "action_time": "2020-04-29T02:16:15.918Z",
        "user": 1,
        "content_type": 14,
        "object_id": "97",
        "object_repr": "\u09b9\u09b0\u09bf\u09b0\u09be\u09ae\u09aa\u09c1\u09b0",
        "action_flag": 1,
        "change_message": "new through import_export"
    }
},
{
    "model": "admin.logentry",
    "pk": 252,
    "fields": {
        "action_time": "2020-04-29T02:16:15.929Z",
        "user": 1,
        "content_type": 14,
        "object_id": "98",
        "object_repr": "\u0998\u09bf\u0993\u09b0",
        "action_flag": 1,
        "change_message": "new through import_export"
    }
},
{
    "model": "admin.logentry",
    "pk": 253,
    "fields": {
        "action_time": "2020-04-29T02:16:15.941Z",
        "user": 1,
        "content_type": 14,
        "object_id": "99",
        "object_repr": "\u09a6\u09cc\u09b2\u09a4\u09aa\u09c1\u09b0",
        "action_flag": 1,
        "change_message": "new through import_export"
    }
},
{
    "model": "admin.logentry",
    "pk": 254,
    "fields": {
        "action_time": "2020-04-29T02:16:15.960Z",
        "user": 1,
        "content_type": 14,
        "object_id": "100",
        "object_repr": "\u09b2\u09cb\u09b9\u09be\u099c\u0982",
        "action_flag": 1,
        "change_message": "new through import_export"
    }
},
{
    "model": "admin.logentry",
    "pk": 255,
    "fields": {
        "action_time": "2020-04-29T02:16:15.969Z",
        "user": 1,
        "content_type": 14,
        "object_id": "101",
        "object_repr": "\u09b6\u09cd\u09b0\u09c0\u09a8\u0997\u09b0",
        "action_flag": 1,
        "change_message": "new through import_export"
    }
},
{
    "model": "admin.logentry",
    "pk": 256,
    "fields": {
        "action_time": "2020-04-29T02:16:15.980Z",
        "user": 1,
        "content_type": 14,
        "object_id": "102",
        "object_repr": "\u09ae\u09c1\u09a8\u09cd\u09b8\u09bf\u0997\u099e\u09cd\u099c \u09b8\u09a6\u09b0",
        "action_flag": 1,
        "change_message": "new through import_export"
    }
},
{
    "model": "admin.logentry",
    "pk": 257,
    "fields": {
        "action_time": "2020-04-29T02:16:16.000Z",
        "user": 1,
        "content_type": 14,
        "object_id": "103",
        "object_repr": "\u09b8\u09bf\u09b0\u09be\u099c\u09a6\u09bf\u0996\u09be\u09a8",
        "action_flag": 1,
        "change_message": "new through import_export"
    }
},
{
    "model": "admin.logentry",
    "pk": 258,
    "fields": {
        "action_time": "2020-04-29T02:16:16.030Z",
        "user": 1,
        "content_type": 14,
        "object_id": "104",
        "object_repr": "\u099f\u0999\u09cd\u0997\u09bf\u09ac\u09be\u09dc\u09bf",
        "action_flag": 1,
        "change_message": "new through import_export"
    }
},
{
    "model": "admin.logentry",
    "pk": 259,
    "fields": {
        "action_time": "2020-04-29T02:16:16.058Z",
        "user": 1,
        "content_type": 14,
        "object_id": "105",
        "object_repr": "\u0997\u099c\u09be\u09b0\u09bf\u09df\u09be",
        "action_flag": 1,
        "change_message": "new through import_export"
    }
},
{
    "model": "admin.logentry",
    "pk": 260,
    "fields": {
        "action_time": "2020-04-29T12:05:16.325Z",
        "user": 1,
        "content_type": 7,
        "object_id": "2",
        "object_repr": "jubel ahmed",
        "action_flag": 1,
        "change_message": "[{\"added\": {}}]"
    }
},
{
    "model": "admin.logentry",
    "pk": 261,
    "fields": {
        "action_time": "2020-04-29T13:35:59.168Z",
        "user": 1,
        "content_type": 7,
        "object_id": "2",
        "object_repr": "jubel ahmed",
        "action_flag": 2,
        "change_message": "[{\"changed\": {\"fields\": [\"Email\"]}}]"
    }
},
{
    "model": "admin.logentry",
    "pk": 262,
    "fields": {
        "action_time": "2020-04-29T14:02:55.807Z",
        "user": 1,
        "content_type": 7,
        "object_id": "2",
        "object_repr": "jubel ahmed",
        "action_flag": 2,
        "change_message": "[{\"changed\": {\"fields\": [\"password\"]}}]"
    }
},
{
    "model": "admin.logentry",
    "pk": 263,
    "fields": {
        "action_time": "2020-04-29T14:20:27.080Z",
        "user": 1,
        "content_type": 7,
        "object_id": "2",
        "object_repr": "jubel ahmed",
        "action_flag": 3,
        "change_message": ""
    }
},
{
    "model": "admin.logentry",
    "pk": 264,
    "fields": {
        "action_time": "2020-04-29T14:24:30.392Z",
        "user": 1,
        "content_type": 7,
        "object_id": "3",
        "object_repr": "jubel ahmed",
        "action_flag": 1,
        "change_message": "[{\"added\": {}}]"
    }
},
{
    "model": "admin.logentry",
    "pk": 265,
    "fields": {
        "action_time": "2020-04-29T14:29:10.113Z",
        "user": 1,
        "content_type": 7,
        "object_id": "4",
        "object_repr": "jubel8180",
        "action_flag": 1,
        "change_message": "[{\"added\": {}}]"
    }
},
{
    "model": "admin.logentry",
    "pk": 266,
    "fields": {
        "action_time": "2020-04-29T14:37:12.908Z",
        "user": 1,
        "content_type": 7,
        "object_id": "3",
        "object_repr": "jubel ahmed",
        "action_flag": 3,
        "change_message": ""
    }
},
{
    "model": "admin.logentry",
    "pk": 267,
    "fields": {
        "action_time": "2020-04-29T14:37:12.923Z",
        "user": 1,
        "content_type": 7,
        "object_id": "4",
        "object_repr": "jubel8180",
        "action_flag": 3,
        "change_message": ""
    }
},
{
    "model": "admin.logentry",
    "pk": 268,
    "fields": {
        "action_time": "2020-04-29T14:42:03.540Z",
        "user": 1,
        "content_type": 7,
        "object_id": "5",
        "object_repr": "jubel81@gmail.com",
        "action_flag": 1,
        "change_message": "[{\"added\": {}}]"
    }
},
{
    "model": "admin.logentry",
    "pk": 269,
    "fields": {
        "action_time": "2020-04-29T14:42:39.845Z",
        "user": 1,
        "content_type": 7,
        "object_id": "5",
        "object_repr": "jubel8180@gmail.com",
        "action_flag": 2,
        "change_message": "[{\"changed\": {\"fields\": [\"Email\"]}}]"
    }
},
{
    "model": "admin.logentry",
    "pk": 270,
    "fields": {
        "action_time": "2020-04-29T17:23:43.686Z",
        "user": 1,
        "content_type": 14,
        "object_id": "106",
        "object_repr": "\u0986\u09dc\u09be\u0987\u09b9\u09be\u099c\u09be\u09b0",
        "action_flag": 1,
        "change_message": "new through import_export"
    }
},
{
    "model": "admin.logentry",
    "pk": 271,
    "fields": {
        "action_time": "2020-04-29T17:23:43.703Z",
        "user": 1,
        "content_type": 14,
        "object_id": "107",
        "object_repr": "\u09b8\u09cb\u09a8\u09be\u09b0\u0997\u09be\u0981\u0993",
        "action_flag": 1,
        "change_message": "new through import_export"
    }
},
{
    "model": "admin.logentry",
    "pk": 272,
    "fields": {
        "action_time": "2020-04-29T20:35:31.157Z",
        "user": 1,
        "content_type": 12,
        "object_id": "25",
        "object_repr": "jubel8180assa",
        "action_flag": 3,
        "change_message": ""
    }
},
{
    "model": "admin.logentry",
    "pk": 273,
    "fields": {
        "action_time": "2020-04-29T20:35:46.523Z",
        "user": 1,
        "content_type": 12,
        "object_id": "24",
        "object_repr": "Story 222",
        "action_flag": 3,
        "change_message": ""
    }
},
{
    "model": "admin.logentry",
    "pk": 274,
    "fields": {
        "action_time": "2020-04-29T20:35:46.540Z",
        "user": 1,
        "content_type": 12,
        "object_id": "23",
        "object_repr": "jubel8180hhhhhhhhhhhhhhhh",
        "action_flag": 3,
        "change_message": ""
    }
},
{
    "model": "admin.logentry",
    "pk": 275,
    "fields": {
        "action_time": "2020-04-29T20:35:46.563Z",
        "user": 1,
        "content_type": 12,
        "object_id": "22",
        "object_repr": "fk",
        "action_flag": 3,
        "change_message": ""
    }
},
{
    "model": "admin.logentry",
    "pk": 276,
    "fields": {
        "action_time": "2020-04-29T20:35:46.582Z",
        "user": 1,
        "content_type": 12,
        "object_id": "21",
        "object_repr": "jubel8180aaaaa",
        "action_flag": 3,
        "change_message": ""
    }
},
{
    "model": "admin.logentry",
    "pk": 277,
    "fields": {
        "action_time": "2020-04-29T20:35:46.599Z",
        "user": 1,
        "content_type": 12,
        "object_id": "20",
        "object_repr": "Dhaka org",
        "action_flag": 3,
        "change_message": ""
    }
},
{
    "model": "admin.logentry",
    "pk": 278,
    "fields": {
        "action_time": "2020-04-29T20:35:46.614Z",
        "user": 1,
        "content_type": 12,
        "object_id": "19",
        "object_repr": "\u09a4\u09be\u09b0\u09c1\u09a3\u09cd\u09af \u09b8\u09ae\u09be\u099c \u0995\u09b2\u09cd\u09af\u09be\u09a8 \u09b8\u0982\u09b8\u09cd\u09a5\u09be",
        "action_flag": 3,
        "change_message": ""
    }
},
{
    "model": "admin.logentry",
    "pk": 279,
    "fields": {
        "action_time": "2020-04-29T20:35:46.638Z",
        "user": 1,
        "content_type": 12,
        "object_id": "18",
        "object_repr": "Story",
        "action_flag": 3,
        "change_message": ""
    }
},
{
    "model": "admin.logentry",
    "pk": 280,
    "fields": {
        "action_time": "2020-04-29T20:39:24.332Z",
        "user": 1,
        "content_type": 14,
        "object_id": "108",
        "object_repr": "\u09a6\u09cb\u09df\u09be\u09b0\u09be \u09ac\u09be\u099c\u09be\u09b0",
        "action_flag": 1,
        "change_message": "[{\"added\": {}}]"
    }
},
{
    "model": "admin.logentry",
    "pk": 281,
    "fields": {
        "action_time": "2020-05-01T19:11:32.766Z",
        "user": 1,
        "content_type": 12,
        "object_id": "1",
        "object_repr": "\u09a4\u09be\u09b0\u09c1\u09a3\u09cd\u09af \u09b8\u09ae\u09be\u099c \u0995\u09b2\u09cd\u09af\u09be\u09a8 \u09b8\u0982\u09b8\u09cd\u09a5\u09be",
        "action_flag": 2,
        "change_message": "[{\"changed\": {\"fields\": [\"Postal area\"]}}]"
    }
},
{
    "model": "admin.logentry",
    "pk": 282,
    "fields": {
        "action_time": "2020-05-01T19:19:49.686Z",
        "user": 1,
        "content_type": 12,
        "object_id": "1",
        "object_repr": "\u09a4\u09be\u09b0\u09c1\u09a3\u09cd\u09af \u09b8\u09ae\u09be\u099c \u0995\u09b2\u09cd\u09af\u09be\u09a8 \u09b8\u0982\u09b8\u09cd\u09a5\u09be",
        "action_flag": 2,
        "change_message": "[{\"changed\": {\"fields\": [\"Status\"]}}]"
    }
},
{
    "model": "admin.logentry",
    "pk": 283,
    "fields": {
        "action_time": "2020-05-01T19:31:05.343Z",
        "user": 1,
        "content_type": 12,
        "object_id": "1",
        "object_repr": "\u09a4\u09be\u09b0\u09c1\u09a3\u09cd\u09af \u09b8\u09ae\u09be\u099c \u0995\u09b2\u09cd\u09af\u09be\u09a8 \u09b8\u0982\u09b8\u09cd\u09a5\u09be",
        "action_flag": 2,
        "change_message": "[{\"changed\": {\"fields\": [\"About\", \"Postal area\"]}}]"
    }
},
{
    "model": "admin.logentry",
    "pk": 284,
    "fields": {
        "action_time": "2020-05-01T19:31:34.137Z",
        "user": 1,
        "content_type": 8,
        "object_id": "1",
        "object_repr": "\u09b8\u09be\u09ae\u09be\u099c\u09bf\u0995",
        "action_flag": 1,
        "change_message": "[{\"added\": {}}]"
    }
},
{
    "model": "admin.logentry",
    "pk": 285,
    "fields": {
        "action_time": "2020-05-01T19:31:39.261Z",
        "user": 1,
        "content_type": 12,
        "object_id": "1",
        "object_repr": "\u09a4\u09be\u09b0\u09c1\u09a3\u09cd\u09af \u09b8\u09ae\u09be\u099c \u0995\u09b2\u09cd\u09af\u09be\u09a8 \u09b8\u0982\u09b8\u09cd\u09a5\u09be",
        "action_flag": 2,
        "change_message": "[{\"changed\": {\"fields\": [\"Category\"]}}]"
    }
},
{
    "model": "admin.logentry",
    "pk": 286,
    "fields": {
        "action_time": "2020-05-01T22:45:40.409Z",
        "user": 1,
        "content_type": 12,
        "object_id": "2",
        "object_repr": "new songstha",
        "action_flag": 1,
        "change_message": "[{\"added\": {}}]"
    }
}
]
