{"paths": {"admin/js/vendor/select2/i18n/af.js": "admin\\js\\vendor\\select2\\i18n\\af.c4a5cbd6a23f.js", "admin/js/vendor/select2/i18n/ar.js": "admin\\js\\vendor\\select2\\i18n\\ar.7dcfd5775174.js", "admin/js/vendor/select2/i18n/az.js": "admin\\js\\vendor\\select2\\i18n\\az.1804c238d269.js", "admin/js/vendor/select2/i18n/bg.js": "admin\\js\\vendor\\select2\\i18n\\bg.096f4410173b.js", "admin/js/vendor/select2/i18n/bn.js": "admin\\js\\vendor\\select2\\i18n\\bn.b33721dc9b8a.js", "admin/js/vendor/select2/i18n/bs.js": "admin\\js\\vendor\\select2\\i18n\\bs.debce43cfca2.js", "admin/js/vendor/select2/i18n/ca.js": "admin\\js\\vendor\\select2\\i18n\\ca.60f20182ff18.js", "admin/js/vendor/select2/i18n/cs.js": "admin\\js\\vendor\\select2\\i18n\\cs.edd7167cdcb6.js", "admin/js/vendor/select2/i18n/da.js": "admin\\js\\vendor\\select2\\i18n\\da.6bbc262044b3.js", "admin/js/vendor/select2/i18n/de.js": "admin\\js\\vendor\\select2\\i18n\\de.630e81c65a7b.js", "admin/js/vendor/select2/i18n/dsb.js": "admin\\js\\vendor\\select2\\i18n\\dsb.9c2742bfc55a.js", "admin/js/vendor/select2/i18n/el.js": "admin\\js\\vendor\\select2\\i18n\\el.01c46bf8c8b3.js", "admin/js/vendor/select2/i18n/en.js": "admin\\js\\vendor\\select2\\i18n\\en.aed9bad15375.js", "admin/js/vendor/select2/i18n/es.js": "admin\\js\\vendor\\select2\\i18n\\es.8b21ebdb01ee.js", "admin/js/vendor/select2/i18n/et.js": "admin\\js\\vendor\\select2\\i18n\\et.32b0b17ba1a9.js", "admin/js/vendor/select2/i18n/eu.js": "admin\\js\\vendor\\select2\\i18n\\eu.6c45eaf416fe.js", "admin/js/vendor/select2/i18n/fa.js": "admin\\js\\vendor\\select2\\i18n\\fa.1738b003dd26.js", "admin/js/vendor/select2/i18n/fi.js": "admin\\js\\vendor\\select2\\i18n\\fi.2858f3167855.js", "admin/js/vendor/select2/i18n/fr.js": "admin\\js\\vendor\\select2\\i18n\\fr.6129248732b9.js", "admin/js/vendor/select2/i18n/gl.js": "admin\\js\\vendor\\select2\\i18n\\gl.e2766036e78a.js", "admin/js/vendor/select2/i18n/he.js": "admin\\js\\vendor\\select2\\i18n\\he.4d933538516a.js", "admin/js/vendor/select2/i18n/hi.js": "admin\\js\\vendor\\select2\\i18n\\hi.f81e979ec25f.js", "admin/js/vendor/select2/i18n/hr.js": "admin\\js\\vendor\\select2\\i18n\\hr.68583e607f1e.js", "admin/js/vendor/select2/i18n/hsb.js": "admin\\js\\vendor\\select2\\i18n\\hsb.50caaee90a0d.js", "admin/js/vendor/select2/i18n/hu.js": "admin\\js\\vendor\\select2\\i18n\\hu.9edad4c24fd0.js", "admin/js/vendor/select2/i18n/hy.js": "admin\\js\\vendor\\select2\\i18n\\hy.4c655f53f4e1.js", "admin/js/vendor/select2/i18n/id.js": "admin\\js\\vendor\\select2\\i18n\\id.322604a430a5.js", "admin/js/vendor/select2/i18n/is.js": "admin\\js\\vendor\\select2\\i18n\\is.a8a13c9122d7.js", "admin/js/vendor/select2/i18n/it.js": "admin\\js\\vendor\\select2\\i18n\\it.110a0fa84968.js", "admin/js/vendor/select2/i18n/ja.js": "admin\\js\\vendor\\select2\\i18n\\ja.442146837f55.js", "admin/js/vendor/select2/i18n/ka.js": "admin\\js\\vendor\\select2\\i18n\\ka.8ea0684cc301.js", "admin/js/vendor/select2/i18n/km.js": "admin\\js\\vendor\\select2\\i18n\\km.8c337905305d.js", "admin/js/vendor/select2/i18n/ko.js": "admin\\js\\vendor\\select2\\i18n\\ko.82358a9b6840.js", "admin/js/vendor/select2/i18n/lt.js": "admin\\js\\vendor\\select2\\i18n\\lt.2c390a6bf650.js", "admin/js/vendor/select2/i18n/lv.js": "admin\\js\\vendor\\select2\\i18n\\lv.30bfb7fc3b63.js", "admin/js/vendor/select2/i18n/mk.js": "admin\\js\\vendor\\select2\\i18n\\mk.92f1d29581b7.js", "admin/js/vendor/select2/i18n/ms.js": "admin\\js\\vendor\\select2\\i18n\\ms.ade6aba46542.js", "admin/js/vendor/select2/i18n/nb.js": "admin\\js\\vendor\\select2\\i18n\\nb.e535138ca26b.js", "admin/js/vendor/select2/i18n/ne.js": "admin\\js\\vendor\\select2\\i18n\\ne.f61bf00bc3fe.js", "admin/js/vendor/select2/i18n/nl.js": "admin\\js\\vendor\\select2\\i18n\\nl.674c0d3da68d.js", "admin/js/vendor/select2/i18n/pl.js": "admin\\js\\vendor\\select2\\i18n\\pl.a10ee9248c07.js", "admin/js/vendor/select2/i18n/ps.js": "admin\\js\\vendor\\select2\\i18n\\ps.de1a40c46c09.js", "admin/js/vendor/select2/i18n/pt-BR.js": "admin\\js\\vendor\\select2\\i18n\\pt-BR.455adefc2984.js", "admin/js/vendor/select2/i18n/pt.js": "admin\\js\\vendor\\select2\\i18n\\pt.5b4ec8cb5b23.js", "admin/js/vendor/select2/i18n/ro.js": "admin\\js\\vendor\\select2\\i18n\\ro.ea7e3b822b06.js", "admin/js/vendor/select2/i18n/ru.js": "admin\\js\\vendor\\select2\\i18n\\ru.962f048c22f2.js", "admin/js/vendor/select2/i18n/sk.js": "admin\\js\\vendor\\select2\\i18n\\sk.34019208b835.js", "admin/js/vendor/select2/i18n/sl.js": "admin\\js\\vendor\\select2\\i18n\\sl.a5e262c643f2.js", "admin/js/vendor/select2/i18n/sq.js": "admin\\js\\vendor\\select2\\i18n\\sq.abf2d34b255a.js", "admin/js/vendor/select2/i18n/sr-Cyrl.js": "admin\\js\\vendor\\select2\\i18n\\sr-Cyrl.116365a2de65.js", "admin/js/vendor/select2/i18n/sr.js": "admin\\js\\vendor\\select2\\i18n\\sr.c9f16b9e0f93.js", "admin/js/vendor/select2/i18n/sv.js": "admin\\js\\vendor\\select2\\i18n\\sv.725800c5e8fc.js", "admin/js/vendor/select2/i18n/th.js": "admin\\js\\vendor\\select2\\i18n\\th.b013804dae9c.js", "admin/js/vendor/select2/i18n/tk.js": "admin\\js\\vendor\\select2\\i18n\\tk.5042dc8eca8e.js", "admin/js/vendor/select2/i18n/tr.js": "admin\\js\\vendor\\select2\\i18n\\tr.dc697d893beb.js", "admin/js/vendor/select2/i18n/uk.js": "admin\\js\\vendor\\select2\\i18n\\uk.e05ad5df6258.js", "admin/js/vendor/select2/i18n/vi.js": "admin\\js\\vendor\\select2\\i18n\\vi.0a60056920fc.js", "admin/js/vendor/select2/i18n/zh-CN.js": "admin\\js\\vendor\\select2\\i18n\\zh-CN.bde34fa3f064.js", "admin/js/vendor/select2/i18n/zh-TW.js": "admin\\js\\vendor\\select2\\i18n\\zh-TW.e727260f7094.js", "admin/css/vendor/select2/LICENSE-SELECT2.md": "admin\\css\\vendor\\select2\\LICENSE-SELECT2.f94142512c91.md", "admin/css/vendor/select2/select2.css": "admin/css/vendor/select2/select2.fd9fe49d3d91.css", "admin/css/vendor/select2/select2.min.css": "admin/css/vendor/select2/select2.min.af22a7e2bfec.css", "admin/js/vendor/jquery/jquery.js": "admin\\js\\vendor\\jquery\\jquery.11c05eb286ed.js", "admin/js/vendor/jquery/jquery.min.js": "admin\\js\\vendor\\jquery\\jquery.min.220afd743d9e.js", "admin/js/vendor/jquery/LICENSE.txt": "admin\\js\\vendor\\jquery\\LICENSE.75308107741f.txt", "admin/js/vendor/select2/LICENSE.md": "admin\\js\\vendor\\select2\\LICENSE.f94142512c91.md", "admin/js/vendor/select2/select2.full.js": "admin\\js\\vendor\\select2\\select2.full.d379d5235584.js", "admin/js/vendor/select2/select2.full.min.js": "admin\\js\\vendor\\select2\\select2.full.min.68e8d8f673b7.js", "admin/js/vendor/xregexp/LICENSE.txt": "admin\\js\\vendor\\xregexp\\LICENSE.d64cecf4f157.txt", "admin/js/vendor/xregexp/xregexp.js": "admin\\js\\vendor\\xregexp\\xregexp.1865b1cf5085.js", "admin/js/vendor/xregexp/xregexp.min.js": "admin\\js\\vendor\\xregexp\\xregexp.min.c95393b8ca4d.js", "admin/img/gis/move_vertex_off.svg": "admin\\img\\gis\\move_vertex_off.7a23bf31ef8a.svg", "admin/img/gis/move_vertex_on.svg": "admin\\img\\gis\\move_vertex_on.0047eba25b67.svg", "admin/js/admin/DateTimeShortcuts.js": "admin\\js\\admin\\DateTimeShortcuts.a9c6d180860b.js", "admin/js/admin/RelatedObjectLookups.js": "admin\\js\\admin\\RelatedObjectLookups.ea0683bea064.js", "corunaApp/sass/base/_page.scss": "corunaApp\\sass\\base\\_page.3123c003fca3.scss", "corunaApp/sass/base/_reset.scss": "corunaApp\\sass\\base\\_reset.1b2b9ca14d86.scss", "corunaApp/sass/base/_typography.scss": "corunaApp\\sass\\base\\_typography.0dc00028465b.scss", "corunaApp/sass/components/_actions.scss": "corunaApp\\sass\\components\\_actions.192f339f96ea.scss", "corunaApp/sass/components/_box.scss": "corunaApp\\sass\\components\\_box.aceb8ac68571.scss", "corunaApp/sass/components/_button.scss": "corunaApp\\sass\\components\\_button.e8489555868d.scss", "corunaApp/sass/components/_form.scss": "corunaApp\\sass\\components\\_form.a61e3d82ba05.scss", "corunaApp/sass/components/_icon.scss": "corunaApp\\sass\\components\\_icon.3c2b7bc4bc6e.scss", "corunaApp/sass/components/_icons.scss": "corunaApp\\sass\\components\\_icons.9874219a86dd.scss", "corunaApp/sass/components/_image.scss": "corunaApp\\sass\\components\\_image.8dc68828ea95.scss", "corunaApp/sass/components/_list.scss": "corunaApp\\sass\\components\\_list.19c5c0dee492.scss", "corunaApp/sass/components/_table.scss": "corunaApp\\sass\\components\\_table.296d5fb794fe.scss", "corunaApp/sass/layout/_bg.scss": "corunaApp\\sass\\layout\\_bg.7ead69f2145d.scss", "corunaApp/sass/layout/_footer.scss": "corunaApp\\sass\\layout\\_footer.f14ec7768569.scss", "corunaApp/sass/layout/_header.scss": "corunaApp\\sass\\layout\\_header.7e0437ab463c.scss", "corunaApp/sass/layout/_main.scss": "corunaApp\\sass\\layout\\_main.dd907ae6e30c.scss", "corunaApp/sass/layout/_wrapper.scss": "corunaApp\\sass\\layout\\_wrapper.190d935bcd66.scss", "corunaApp/sass/libs/_breakpoints.scss": "corunaApp\\sass\\libs\\_breakpoints.4c40999ced3f.scss", "corunaApp/sass/libs/_functions.scss": "corunaApp\\sass\\libs\\_functions.5b10d6035b02.scss", "corunaApp/sass/libs/_mixins.scss": "corunaApp\\sass\\libs\\_mixins.2363460b82d7.scss", "corunaApp/sass/libs/_vars.scss": "corunaApp\\sass\\libs\\_vars.201f32a6be27.scss", "corunaApp/sass/libs/_vendor.scss": "corunaApp\\sass\\libs\\_vendor.ad9bab0ab686.scss", "admin/css/autocomplete.css": "admin/css/autocomplete.781713f30664.css", "admin/css/base.css": "admin/css/base.ae33e6383baa.css", "admin/css/changelists.css": "admin/css/changelists.cfe316f81936.css", "admin/css/dashboard.css": "admin/css/dashboard.7ac78187c567.css", "admin/css/fonts.css": "admin/css/fonts.168bab448fee.css", "admin/css/forms.css": "admin/css/forms.9f1ffc442e9a.css", "admin/css/login.css": "admin/css/login.252ffabd6548.css", "admin/css/responsive.css": "admin/css/responsive.755ce0b07393.css", "admin/css/responsive_rtl.css": "admin/css/responsive_rtl.51c7445ceeff.css", "admin/css/rtl.css": "admin/css/rtl.30f903442dc5.css", "admin/css/widgets.css": "admin/css/widgets.8874c301e7bc.css", "admin/fonts/LICENSE.txt": "admin\\fonts\\LICENSE.d273d63619c9.txt", "admin/fonts/README.txt": "admin\\fonts\\README.ab99e6b541ea.txt", "admin/fonts/Roboto-Bold-webfont.woff": "admin\\fonts\\Roboto-Bold-webfont.50d75e48e0a3.woff", "admin/fonts/Roboto-Light-webfont.woff": "admin\\fonts\\Roboto-Light-webfont.c73eb1ceba33.woff", "admin/fonts/Roboto-Regular-webfont.woff": "admin\\fonts\\Roboto-Regular-webfont.35b07eb2f871.woff", "admin/img/calendar-icons.svg": "admin\\img\\calendar-icons.39b290681a8b.svg", "admin/img/icon-addlink.svg": "admin\\img\\icon-addlink.d519b3bab011.svg", "admin/img/icon-alert.svg": "admin\\img\\icon-alert.034cc7d8a67f.svg", "admin/img/icon-calendar.svg": "admin\\img\\icon-calendar.ac7aea671bea.svg", "admin/img/icon-changelink.svg": "admin\\img\\icon-changelink.18d2fd706348.svg", "admin/img/icon-clock.svg": "admin\\img\\icon-clock.e1d4dfac3f2b.svg", "admin/img/icon-deletelink.svg": "admin\\img\\icon-deletelink.564ef9dc3854.svg", "admin/img/icon-no.svg": "admin\\img\\icon-no.439e821418cd.svg", "admin/img/icon-unknown-alt.svg": "admin\\img\\icon-unknown-alt.81536e128bb6.svg", "admin/img/icon-unknown.svg": "admin\\img\\icon-unknown.a18cb4398978.svg", "admin/img/icon-viewlink.svg": "admin\\img\\icon-viewlink.41eb31f7826e.svg", "admin/img/icon-yes.svg": "admin\\img\\icon-yes.d2f9f035226a.svg", "admin/img/inline-delete.svg": "admin\\img\\inline-delete.fec1b761f254.svg", "admin/img/LICENSE": "admin\\img\\LICENSE.2c54f4e1ca1c", "admin/img/README.txt": "admin\\img\\README.a70711a38d87.txt", "admin/img/search.svg": "admin\\img\\search.7cf54ff789c6.svg", "admin/img/selector-icons.svg": "admin\\img\\selector-icons.b4555096cea2.svg", "admin/img/sorting-icons.svg": "admin\\img\\sorting-icons.3a097b59f104.svg", "admin/img/tooltag-add.svg": "admin\\img\\tooltag-add.e59d620a9742.svg", "admin/img/tooltag-arrowright.svg": "admin\\img\\tooltag-arrowright.bbfb788a849e.svg", "admin/js/actions.js": "admin\\js\\actions.8d83e3af0fbd.js", "admin/js/actions.min.js": "admin\\js\\actions.min.5fa8cb0403f1.js", "admin/js/autocomplete.js": "admin\\js\\autocomplete.cfd2c4dc8981.js", "admin/js/calendar.js": "admin\\js\\calendar.aae57adab5f6.js", "admin/js/cancel.js": "admin\\js\\cancel.a2c3149a1c5e.js", "admin/js/change_form.js": "admin\\js\\change_form.9e85003a1a38.js", "admin/js/collapse.js": "admin\\js\\collapse.c5b851e91226.js", "admin/js/collapse.min.js": "admin\\js\\collapse.min.44dfdb427845.js", "admin/js/core.js": "admin\\js\\core.ea39b3bd34c3.js", "admin/js/inlines.js": "admin\\js\\inlines.12d1af430335.js", "admin/js/inlines.min.js": "admin\\js\\inlines.min.6d6c2416646e.js", "admin/js/jquery.init.js": "admin\\js\\jquery.init.95b62fa19378.js", "admin/js/popup_response.js": "admin\\js\\popup_response.6ce3197f8fc8.js", "admin/js/prepopulate.js": "admin\\js\\prepopulate.2f90da7170ec.js", "admin/js/prepopulate.min.js": "admin\\js\\prepopulate.min.85fd5e0fb706.js", "admin/js/prepopulate_init.js": "admin\\js\\prepopulate_init.0d3b53c37074.js", "admin/js/SelectBox.js": "admin\\js\\SelectBox.99d0cfd2e80c.js", "admin/js/SelectFilter2.js": "admin\\js\\SelectFilter2.c26733924aea.js", "admin/js/urlify.js": "admin\\js\\urlify.67bae52223e0.js", "corunaApp/css/fontawesome-all.min.css": "corunaApp/css/fontawesome-all.min.7dd3499c32f8.css", "corunaApp/css/main.css": "corunaApp/css/main.94c78c6388fd.css", "corunaApp/css/noscript.css": "corunaApp/css/noscript.532351684b2c.css", "corunaApp/images/bg.jpg": "corunaApp\\images\\bg.336ebad27926.jpg", "corunaApp/images/overlay.png": "corunaApp\\images\\overlay.c2d2f4d92c31.png", "corunaApp/images/pic01.jpg": "corunaApp\\images\\pic01.55e1797fd15a.jpg", "corunaApp/images/pic02.jpg": "corunaApp\\images\\pic02.4528ad9f4ac4.jpg", "corunaApp/images/pic03.jpg": "corunaApp\\images\\pic03.d537afae25e1.jpg", "corunaApp/js/breakpoints.min.js": "corunaApp\\js\\breakpoints.min.81a479eb099e.js", "corunaApp/js/browser.min.js": "corunaApp\\js\\browser.min.c07298dd1904.js", "corunaApp/js/jquery.min.js": "corunaApp\\js\\jquery.min.220afd743d9e.js", "corunaApp/js/main.js": "corunaApp\\js\\main.6a2da38836c1.js", "corunaApp/js/util.js": "corunaApp\\js\\util.fd2716a7b68c.js", "corunaApp/sass/main.scss": "corunaApp\\sass\\main.1f5a6127a1f9.scss", "corunaApp/sass/noscript.scss": "corunaApp\\sass\\noscript.696e039ec506.scss", "corunaApp/webfonts/fa-brands-400.eot": "corunaApp\\webfonts\\fa-brands-400.03783c5172ee.eot", "corunaApp/webfonts/fa-brands-400.svg": "corunaApp\\webfonts\\fa-brands-400.073c2f3ce60e.svg", "corunaApp/webfonts/fa-brands-400.ttf": "corunaApp\\webfonts\\fa-brands-400.ed2b8bf11716.ttf", "corunaApp/webfonts/fa-brands-400.woff": "corunaApp\\webfonts\\fa-brands-400.fe9d62e0d16a.woff", "corunaApp/webfonts/fa-brands-400.woff2": "corunaApp\\webfonts\\fa-brands-400.7559b3774a06.woff2", "corunaApp/webfonts/fa-regular-400.eot": "corunaApp\\webfonts\\fa-regular-400.fc9c63c8224f.eot", "corunaApp/webfonts/fa-regular-400.svg": "corunaApp\\webfonts\\fa-regular-400.8fdea4e89ac4.svg", "corunaApp/webfonts/fa-regular-400.ttf": "corunaApp\\webfonts\\fa-regular-400.59215032a439.ttf", "corunaApp/webfonts/fa-regular-400.woff": "corunaApp\\webfonts\\fa-regular-400.e5770f986396.woff", "corunaApp/webfonts/fa-regular-400.woff2": "corunaApp\\webfonts\\fa-regular-400.e07d9e40b260.woff2", "corunaApp/webfonts/fa-solid-900.eot": "corunaApp\\webfonts\\fa-solid-900.ef3df98419d1.eot", "corunaApp/webfonts/fa-solid-900.svg": "corunaApp\\webfonts\\fa-solid-900.b557f56e367e.svg", "corunaApp/webfonts/fa-solid-900.ttf": "corunaApp\\webfonts\\fa-solid-900.acf50f59802f.ttf", "corunaApp/webfonts/fa-solid-900.woff": "corunaApp\\webfonts\\fa-solid-900.4bced7c4c0d6.woff", "corunaApp/webfonts/fa-solid-900.woff2": "corunaApp\\webfonts\\fa-solid-900.b5cf8ae26748.woff2"}, "version": "1.0"}